business_id,business_name,customer_radius_km,customer_type,supplier_dependency,seasonality,main_operational_risks,key_demand_indicators
BUS00001,Vegetable Vendor - Unit 0001,0.8,Institutional (Schools/Offices),2-3 suppliers - moderate dependency,Monsoon-dependent (Jun-Sep),Limited access to working capital credit; Dependence on single supplier,Local construction/real estate activity; Local employment rate
BUS00002,Pharmacy - Unit 0002,0.4,B2B - Regional Distributors,Seasonal supplier contracts,High demand Oct-Dec (festive season),Limited access to working capital credit; Currency/import cost fluctuation,Online order volume trend; Average transaction value trend; Local construction/real estate activity
BUS00003,Hardware Store - Unit 0003,0.6,B2B - Local Businesses,Import-dependent supply chain,Harvest-season dependent,Perishable inventory spoilage; Seasonal cash flow gaps; High employee attrition,Repeat customer rate; Agricultural output in surrounding region; Local employment rate
BUS00004,Auto Repair Shop - Unit 0004,8,Institutional (Schools/Offices),Single supplier - high dependency,Year-end/New Year spike,Power/utility disruptions; Dependence on single supplier,School/college enrollment nearby; Local construction/real estate activity; Competitor density in radius
BUS00005,Bookstore - Unit 0005,3.2,Retail - Walk-in,Import-dependent supply chain,Monsoon-dependent (Jun-Sep),Dependence on single supplier; High employee attrition; Limited access to working capital credit,Seasonal festival calendar; Average transaction value trend; Competitor density in radius
BUS00006,Electronics Retailer - Unit 0006,6.6,Institutional (Schools/Offices),Import-dependent supply chain,Stable year-round demand,Delayed customer payments (B2B); High employee attrition,Average transaction value trend; Local employment rate
BUS00007,Hardware Store - Unit 0007,17.8,Online/E-commerce,Single supplier - high dependency,Monsoon-dependent (Jun-Sep),Regulatory/licensing compliance burden; Power/utility disruptions,Repeat customer rate; Online order volume trend; Local construction/real estate activity
BUS00008,Packaging Unit - Unit 0008,6.2,Mixed Retail & Wholesale,Self-sourced/in-house production,Year-end/New Year spike,Perishable inventory spoilage; Seasonal cash flow gaps,Agricultural output in surrounding region; Social media engagement/reviews
BUS00009,Textile Manufacturer - Unit 0009,5.5,Wholesale Bulk Buyers,Seasonal supplier contracts,Harvest-season dependent,High employee attrition; Seasonal cash flow gaps; Delayed customer payments (B2B),Repeat customer rate; Foot traffic count; Agricultural output in surrounding region
BUS00010,Salon & Spa - Unit 0010,2.2,Wholesale Bulk Buyers,Seasonal supplier contracts,Stable year-round demand,Power/utility disruptions; Logistics and last-mile delivery cost; Competition from larger chains,Social media engagement/reviews; Foot traffic count; Repeat customer rate
BUS00011,Sweet Shop - Unit 0011,22,Online/E-commerce,Single supplier - high dependency,"Back-to-school peak (Jun, Jan)",Seasonal cash flow gaps; Competition from larger chains; Raw material price volatility,Social media engagement/reviews; Local population growth; Agricultural output in surrounding region
BUS00012,Handicraft Exporter - Unit 0012,1.1,Institutional (Schools/Offices),Import-dependent supply chain,"Low seasonality, weekday/weekend variation only",Seasonal cash flow gaps; Regulatory/licensing compliance burden,Social media engagement/reviews; Agricultural output in surrounding region
BUS00013,Handicraft Exporter - Unit 0013,0.5,Mixed Retail & Wholesale,Single supplier - high dependency,Stable year-round demand,Perishable inventory spoilage; High employee attrition; Raw material price volatility,Local construction/real estate activity; Repeat customer rate
BUS00014,Restaurant - Unit 0014,16.9,Government/Institutional Contracts,2-3 suppliers - moderate dependency,Summer peak (Apr-Jun),Delayed customer payments (B2B); Seasonal cash flow gaps; Perishable inventory spoilage,Online order volume trend; Social media engagement/reviews; Agricultural output in surrounding region
BUS00015,Cloud Kitchen - Unit 0015,4.8,Online/E-commerce,Self-sourced/in-house production,"Low seasonality, weekday/weekend variation only",Dependence on single supplier; High employee attrition; Currency/import cost fluctuation,Competitor density in radius; Foot traffic count
BUS00016,Bookstore - Unit 0016,17.8,B2B - Regional Distributors,Single supplier - high dependency,Stable year-round demand,High employee attrition; Dependence on single supplier,Competitor density in radius; Repeat customer rate
BUS00017,Grocery Wholesaler - Unit 0017,2.7,Mixed Retail & Wholesale,2-3 suppliers - moderate dependency,"Low seasonality, weekday/weekend variation only",Limited access to working capital credit; Logistics and last-mile delivery cost,Online order volume trend; Average transaction value trend; Local employment rate
BUS00018,Clothing Boutique - Unit 0018,0.8,Wholesale Bulk Buyers,Diversified supplier base - low dependency,Harvest-season dependent,Competition from larger chains; Raw material price volatility; Dependence on single supplier,Local employment rate; Competitor density in radius
BUS00019,Event Planning Service - Unit 0019,0.9,B2B - Regional Distributors,Seasonal supplier contracts,Year-end/New Year spike,Power/utility disruptions; Seasonal cash flow gaps,Average transaction value trend; Online order volume trend; Repeat customer rate
BUS00020,Print & Copy Shop - Unit 0020,16.8,Government/Institutional Contracts,Single supplier - high dependency,Stable year-round demand,Seasonal cash flow gaps; Power/utility disruptions,Average transaction value trend; Online order volume trend; Local employment rate
BUS00021,Packaging Unit - Unit 0021,0.4,Retail - Walk-in,Self-sourced/in-house production,"Back-to-school peak (Jun, Jan)",Perishable inventory spoilage; Power/utility disruptions; Delayed customer payments (B2B),Local population growth; Online order volume trend; Seasonal festival calendar
BUS00022,Clothing Boutique - Unit 0022,0.5,Government/Institutional Contracts,Single supplier - high dependency,Wedding season peak (Nov-Feb),Raw material price volatility; Logistics and last-mile delivery cost,Social media engagement/reviews; Agricultural output in surrounding region; Local population growth
BUS00023,Pharmacy - Unit 0023,16.6,B2B - Local Businesses,Single supplier - high dependency,Stable year-round demand,Power/utility disruptions; Dependence on single supplier,Local construction/real estate activity; Agricultural output in surrounding region
BUS00024,Pharmacy - Unit 0024,20.8,Government/Institutional Contracts,Diversified supplier base - low dependency,"Back-to-school peak (Jun, Jan)",Currency/import cost fluctuation; Regulatory/licensing compliance burden,Seasonal festival calendar; Local employment rate
BUS00025,Salon & Spa - Unit 0025,4.9,Retail - Repeat/Loyalty,Single supplier - high dependency,Year-end/New Year spike,Dependence on single supplier; Delayed customer payments (B2B),Social media engagement/reviews; Seasonal festival calendar
BUS00026,Salon & Spa - Unit 0026,8.1,B2B - Regional Distributors,Diversified supplier base - low dependency,"Back-to-school peak (Jun, Jan)",Competition from larger chains; Delayed customer payments (B2B),Local construction/real estate activity; School/college enrollment nearby; Social media engagement/reviews
BUS00027,Kirana Store - Unit 0027,18.4,Retail - Repeat/Loyalty,2-3 suppliers - moderate dependency,"Back-to-school peak (Jun, Jan)",Dependence on single supplier; Delayed customer payments (B2B),Seasonal festival calendar; Agricultural output in surrounding region
BUS00028,Cafe - Unit 0028,3.3,B2B - Regional Distributors,Import-dependent supply chain,"Back-to-school peak (Jun, Jan)",Perishable inventory spoilage; Raw material price volatility; Dependence on single supplier,Seasonal festival calendar; Foot traffic count; School/college enrollment nearby
BUS00029,Furniture Store - Unit 0029,2.1,Institutional (Schools/Offices),2-3 suppliers - moderate dependency,Year-end/New Year spike,Delayed customer payments (B2B); Raw material price volatility; Dependence on single supplier,Agricultural output in surrounding region; Local population growth
BUS00030,Textile Manufacturer - Unit 0030,0.6,Government/Institutional Contracts,2-3 suppliers - moderate dependency,Harvest-season dependent,Raw material price volatility; Perishable inventory spoilage,Foot traffic count; Competitor density in radius; Online order volume trend
BUS00031,Sweet Shop - Unit 0031,3.2,Online/E-commerce,Seasonal supplier contracts,Harvest-season dependent,High employee attrition; Seasonal cash flow gaps,Local employment rate; Foot traffic count
BUS00032,Electronics Retailer - Unit 0032,7.8,Wholesale Bulk Buyers,Import-dependent supply chain,Monsoon-dependent (Jun-Sep),Seasonal cash flow gaps; Dependence on single supplier; Power/utility disruptions,Average transaction value trend; Online order volume trend
BUS00033,Clothing Boutique - Unit 0033,14.1,B2B - Regional Distributors,2-3 suppliers - moderate dependency,High demand Oct-Dec (festive season),Power/utility disruptions; Regulatory/licensing compliance burden,Repeat customer rate; Seasonal festival calendar; Competitor density in radius
BUS00034,Vegetable Vendor - Unit 0034,19.2,Government/Institutional Contracts,Diversified supplier base - low dependency,High demand Oct-Dec (festive season),Perishable inventory spoilage; Seasonal cash flow gaps,Foot traffic count; Repeat customer rate; Local construction/real estate activity
BUS00035,Tutoring Center - Unit 0035,7.6,Online/E-commerce,Self-sourced/in-house production,"Low seasonality, weekday/weekend variation only",Power/utility disruptions; Logistics and last-mile delivery cost,Seasonal festival calendar; Foot traffic count
BUS00036,Cloud Kitchen - Unit 0036,8,Government/Institutional Contracts,Import-dependent supply chain,Monsoon-dependent (Jun-Sep),Power/utility disruptions; Dependence on single supplier; Regulatory/licensing compliance burden,School/college enrollment nearby; Repeat customer rate; Seasonal festival calendar
BUS00037,Grocery Wholesaler - Unit 0037,5.3,Online/E-commerce,Self-sourced/in-house production,"Back-to-school peak (Jun, Jan)",High employee attrition; Power/utility disruptions,School/college enrollment nearby; Local population growth; Local construction/real estate activity
BUS00038,Bookstore - Unit 0038,4.8,Retail - Walk-in,Diversified supplier base - low dependency,"Back-to-school peak (Jun, Jan)",Power/utility disruptions; Logistics and last-mile delivery cost,Average transaction value trend; Agricultural output in surrounding region; School/college enrollment nearby
BUS00039,Sweet Shop - Unit 0039,3,B2B - Local Businesses,Import-dependent supply chain,Stable year-round demand,Delayed customer payments (B2B); Currency/import cost fluctuation; Logistics and last-mile delivery cost,Repeat customer rate; Online order volume trend; Seasonal festival calendar
BUS00040,Bakery - Unit 0040,2.6,Retail - Walk-in,2-3 suppliers - moderate dependency,Year-end/New Year spike,Competition from larger chains; Power/utility disruptions,Agricultural output in surrounding region; Local employment rate
BUS00041,Mobile Repair Shop - Unit 0041,9,Retail - Walk-in,Single supplier - high dependency,Harvest-season dependent,Seasonal cash flow gaps; Delayed customer payments (B2B),Foot traffic count; Social media engagement/reviews; Online order volume trend
BUS00042,Handicraft Exporter - Unit 0042,1,Mixed Retail & Wholesale,Import-dependent supply chain,"Low seasonality, weekday/weekend variation only",Competition from larger chains; Logistics and last-mile delivery cost; Delayed customer payments (B2B),Social media engagement/reviews; Average transaction value trend; Local population growth
BUS00043,Laundry Service - Unit 0043,14.7,B2B - Regional Distributors,Import-dependent supply chain,"Back-to-school peak (Jun, Jan)",Currency/import cost fluctuation; High employee attrition; Perishable inventory spoilage,Repeat customer rate; Seasonal festival calendar; Online order volume trend
BUS00044,Hardware Store - Unit 0044,6.5,Government/Institutional Contracts,Single supplier - high dependency,Summer peak (Apr-Jun),High employee attrition; Power/utility disruptions,Agricultural output in surrounding region; Online order volume trend
BUS00045,Restaurant - Unit 0045,9.6,Government/Institutional Contracts,Self-sourced/in-house production,Harvest-season dependent,High employee attrition; Power/utility disruptions,Local construction/real estate activity; Foot traffic count; Agricultural output in surrounding region
BUS00046,Fitness Studio - Unit 0046,12,Online/E-commerce,Diversified supplier base - low dependency,Harvest-season dependent,Delayed customer payments (B2B); Limited access to working capital credit; Logistics and last-mile delivery cost,Average transaction value trend; Online order volume trend
BUS00047,Hardware Store - Unit 0047,9.9,Wholesale Bulk Buyers,Diversified supplier base - low dependency,Harvest-season dependent,Competition from larger chains; Seasonal cash flow gaps,Local employment rate; Local construction/real estate activity
BUS00048,Bookstore - Unit 0048,0.4,Wholesale Bulk Buyers,2-3 suppliers - moderate dependency,Year-end/New Year spike,Raw material price volatility; Perishable inventory spoilage,Competitor density in radius; Online order volume trend; Average transaction value trend
BUS00049,Furniture Store - Unit 0049,7.7,Wholesale Bulk Buyers,Diversified supplier base - low dependency,Harvest-season dependent,Dependence on single supplier; Competition from larger chains; Raw material price volatility,Competitor density in radius; Online order volume trend
BUS00050,Vegetable Vendor - Unit 0050,1.1,Retail - Walk-in,Single supplier - high dependency,Monsoon-dependent (Jun-Sep),Raw material price volatility; Logistics and last-mile delivery cost,Online order volume trend; Local population growth
BUS00051,Mobile Repair Shop - Unit 0051,1,B2B - Regional Distributors,Self-sourced/in-house production,"Back-to-school peak (Jun, Jan)",Seasonal cash flow gaps; Logistics and last-mile delivery cost; Currency/import cost fluctuation,Local population growth; Seasonal festival calendar
BUS00052,Auto Repair Shop - Unit 0052,20.3,Institutional (Schools/Offices),Seasonal supplier contracts,Harvest-season dependent,Limited access to working capital credit; High employee attrition; Dependence on single supplier,Repeat customer rate; Seasonal festival calendar
BUS00053,Plastic Goods Manufacturer - Unit 0053,28.1,Retail - Walk-in,Diversified supplier base - low dependency,"Low seasonality, weekday/weekend variation only",Currency/import cost fluctuation; Regulatory/licensing compliance burden; Dependence on single supplier,Foot traffic count; Local employment rate; Average transaction value trend
BUS00054,Auto Repair Shop - Unit 0054,11.8,Mixed Retail & Wholesale,Import-dependent supply chain,Summer peak (Apr-Jun),Seasonal cash flow gaps; Delayed customer payments (B2B); Perishable inventory spoilage,Average transaction value trend; Local employment rate; Local construction/real estate activity
BUS00055,Hardware Store - Unit 0055,8,Retail - Repeat/Loyalty,Diversified supplier base - low dependency,Year-end/New Year spike,Competition from larger chains; Logistics and last-mile delivery cost,Competitor density in radius; Foot traffic count; Average transaction value trend
BUS00056,Plastic Goods Manufacturer - Unit 0056,6.1,B2B - Regional Distributors,Diversified supplier base - low dependency,"Back-to-school peak (Jun, Jan)",Perishable inventory spoilage; Logistics and last-mile delivery cost; Limited access to working capital credit,Social media engagement/reviews; Online order volume trend
BUS00057,Restaurant - Unit 0057,3.3,Mixed Retail & Wholesale,Seasonal supplier contracts,Monsoon-dependent (Jun-Sep),Currency/import cost fluctuation; Competition from larger chains; Limited access to working capital credit,Repeat customer rate; Seasonal festival calendar
BUS00058,Bakery - Unit 0058,10.8,Institutional (Schools/Offices),Import-dependent supply chain,Wedding season peak (Nov-Feb),Delayed customer payments (B2B); Limited access to working capital credit; Regulatory/licensing compliance burden,Agricultural output in surrounding region; Social media engagement/reviews; Competitor density in radius
BUS00059,Stationery Shop - Unit 0059,13.6,Institutional (Schools/Offices),2-3 suppliers - moderate dependency,Stable year-round demand,Regulatory/licensing compliance burden; Dependence on single supplier,Online order volume trend; Agricultural output in surrounding region
BUS00060,Laundry Service - Unit 0060,13.7,Government/Institutional Contracts,Seasonal supplier contracts,"Back-to-school peak (Jun, Jan)",High employee attrition; Perishable inventory spoilage,Competitor density in radius; Local population growth
BUS00061,Dairy & Milk Supplier - Unit 0061,0.5,B2B - Local Businesses,Diversified supplier base - low dependency,High demand Oct-Dec (festive season),Delayed customer payments (B2B); Perishable inventory spoilage,School/college enrollment nearby; Average transaction value trend
BUS00062,Auto Repair Shop - Unit 0062,0.5,Mixed Retail & Wholesale,Self-sourced/in-house production,Year-end/New Year spike,Seasonal cash flow gaps; Raw material price volatility; Perishable inventory spoilage,Repeat customer rate; Agricultural output in surrounding region; Local employment rate
BUS00063,Mobile Repair Shop - Unit 0063,1,Retail - Walk-in,2-3 suppliers - moderate dependency,Summer peak (Apr-Jun),Dependence on single supplier; High employee attrition; Limited access to working capital credit,Local construction/real estate activity; Agricultural output in surrounding region; School/college enrollment nearby
BUS00064,Bakery - Unit 0064,19,Mixed Retail & Wholesale,Diversified supplier base - low dependency,Harvest-season dependent,Logistics and last-mile delivery cost; Limited access to working capital credit; Raw material price volatility,Online order volume trend; School/college enrollment nearby
BUS00065,Clothing Boutique - Unit 0065,5.3,B2B - Local Businesses,2-3 suppliers - moderate dependency,Summer peak (Apr-Jun),Seasonal cash flow gaps; Raw material price volatility,Average transaction value trend; Local construction/real estate activity; Agricultural output in surrounding region
BUS00066,Dairy & Milk Supplier - Unit 0066,0.4,Institutional (Schools/Offices),Import-dependent supply chain,Year-end/New Year spike,Currency/import cost fluctuation; High employee attrition,School/college enrollment nearby; Local construction/real estate activity; Online order volume trend
BUS00067,Tutoring Center - Unit 0067,1,B2B - Local Businesses,Diversified supplier base - low dependency,Summer peak (Apr-Jun),Raw material price volatility; Seasonal cash flow gaps,Local construction/real estate activity; Agricultural output in surrounding region; Seasonal festival calendar
BUS00068,Print & Copy Shop - Unit 0068,1,Institutional (Schools/Offices),Import-dependent supply chain,Harvest-season dependent,Delayed customer payments (B2B); Limited access to working capital credit; Competition from larger chains,Repeat customer rate; Local construction/real estate activity; Foot traffic count
BUS00069,Packaging Unit - Unit 0069,10.9,Institutional (Schools/Offices),Single supplier - high dependency,Stable year-round demand,Currency/import cost fluctuation; Logistics and last-mile delivery cost,School/college enrollment nearby; Seasonal festival calendar
BUS00070,Bookstore - Unit 0070,0.6,B2B - Local Businesses,Self-sourced/in-house production,"Low seasonality, weekday/weekend variation only",Perishable inventory spoilage; Seasonal cash flow gaps; Logistics and last-mile delivery cost,School/college enrollment nearby; Average transaction value trend; Repeat customer rate
BUS00071,Mobile Repair Shop - Unit 0071,6.7,Online/E-commerce,Import-dependent supply chain,Stable year-round demand,Regulatory/licensing compliance burden; Power/utility disruptions,Seasonal festival calendar; School/college enrollment nearby; Local employment rate
BUS00072,Agri Input Dealer - Unit 0072,16.3,Retail - Repeat/Loyalty,Diversified supplier base - low dependency,"Back-to-school peak (Jun, Jan)",Dependence on single supplier; Power/utility disruptions; Delayed customer payments (B2B),School/college enrollment nearby; Social media engagement/reviews
BUS00073,Print & Copy Shop - Unit 0073,8.2,Government/Institutional Contracts,Diversified supplier base - low dependency,Year-end/New Year spike,Raw material price volatility; High employee attrition; Perishable inventory spoilage,Seasonal festival calendar; Average transaction value trend
BUS00074,Packaging Unit - Unit 0074,12.7,B2B - Regional Distributors,Import-dependent supply chain,Summer peak (Apr-Jun),Delayed customer payments (B2B); Raw material price volatility; Limited access to working capital credit,Repeat customer rate; Online order volume trend; Agricultural output in surrounding region
BUS00075,Print & Copy Shop - Unit 0075,1.1,B2B - Local Businesses,Self-sourced/in-house production,"Back-to-school peak (Jun, Jan)",Power/utility disruptions; Competition from larger chains; Currency/import cost fluctuation,Average transaction value trend; Social media engagement/reviews
BUS00076,Salon & Spa - Unit 0076,8.8,Government/Institutional Contracts,Import-dependent supply chain,Summer peak (Apr-Jun),Perishable inventory spoilage; Power/utility disruptions,Social media engagement/reviews; Seasonal festival calendar; Foot traffic count
BUS00077,Dairy & Milk Supplier - Unit 0077,5.7,Mixed Retail & Wholesale,2-3 suppliers - moderate dependency,Year-end/New Year spike,Regulatory/licensing compliance burden; Limited access to working capital credit; Delayed customer payments (B2B),Average transaction value trend; Competitor density in radius; Online order volume trend
BUS00078,Cloud Kitchen - Unit 0078,3.1,B2B - Regional Distributors,Self-sourced/in-house production,High demand Oct-Dec (festive season),Limited access to working capital credit; Competition from larger chains; Power/utility disruptions,School/college enrollment nearby; Agricultural output in surrounding region; Local population growth
BUS00079,Mobile Repair Shop - Unit 0079,0.4,Online/E-commerce,Single supplier - high dependency,Year-end/New Year spike,Delayed customer payments (B2B); Competition from larger chains,Agricultural output in surrounding region; Local population growth
BUS00080,Tutoring Center - Unit 0080,1.7,Institutional (Schools/Offices),Diversified supplier base - low dependency,Harvest-season dependent,Regulatory/licensing compliance burden; Currency/import cost fluctuation,Competitor density in radius; School/college enrollment nearby; Average transaction value trend
BUS00081,Plastic Goods Manufacturer - Unit 0081,16.3,Retail - Repeat/Loyalty,2-3 suppliers - moderate dependency,"Back-to-school peak (Jun, Jan)",Limited access to working capital credit; Dependence on single supplier,Repeat customer rate; School/college enrollment nearby; Agricultural output in surrounding region
BUS00082,Print & Copy Shop - Unit 0082,2.2,Retail - Walk-in,Single supplier - high dependency,Wedding season peak (Nov-Feb),Perishable inventory spoilage; Regulatory/licensing compliance burden,Local employment rate; Local population growth; Online order volume trend
BUS00083,Grocery Wholesaler - Unit 0083,10.3,B2B - Local Businesses,2-3 suppliers - moderate dependency,Summer peak (Apr-Jun),Logistics and last-mile delivery cost; Power/utility disruptions,Average transaction value trend; Local construction/real estate activity
BUS00084,Salon & Spa - Unit 0084,3,Institutional (Schools/Offices),Self-sourced/in-house production,"Back-to-school peak (Jun, Jan)",Competition from larger chains; Perishable inventory spoilage,Repeat customer rate; Average transaction value trend
BUS00085,Stationery Shop - Unit 0085,23,Wholesale Bulk Buyers,Import-dependent supply chain,"Back-to-school peak (Jun, Jan)",Perishable inventory spoilage; High employee attrition; Power/utility disruptions,Repeat customer rate; Online order volume trend; Local employment rate
BUS00086,Bookstore - Unit 0086,7.2,Institutional (Schools/Offices),Single supplier - high dependency,Harvest-season dependent,Raw material price volatility; Logistics and last-mile delivery cost; Limited access to working capital credit,Seasonal festival calendar; Online order volume trend; Local construction/real estate activity
BUS00087,Event Planning Service - Unit 0087,6.2,B2B - Regional Distributors,Seasonal supplier contracts,"Back-to-school peak (Jun, Jan)",Currency/import cost fluctuation; Dependence on single supplier,Seasonal festival calendar; Average transaction value trend
BUS00088,Pharmacy - Unit 0088,23.6,B2B - Local Businesses,Single supplier - high dependency,"Back-to-school peak (Jun, Jan)",Limited access to working capital credit; Power/utility disruptions; Seasonal cash flow gaps,Local population growth; Social media engagement/reviews
BUS00089,Packaging Unit - Unit 0089,7.1,Institutional (Schools/Offices),2-3 suppliers - moderate dependency,"Back-to-school peak (Jun, Jan)",Perishable inventory spoilage; Regulatory/licensing compliance burden; Dependence on single supplier,Repeat customer rate; Local population growth; Online order volume trend
BUS00090,Plastic Goods Manufacturer - Unit 0090,11.9,Government/Institutional Contracts,Diversified supplier base - low dependency,Stable year-round demand,Raw material price volatility; Perishable inventory spoilage; Delayed customer payments (B2B),Average transaction value trend; Competitor density in radius
BUS00091,Sweet Shop - Unit 0091,5.2,Online/E-commerce,Single supplier - high dependency,Monsoon-dependent (Jun-Sep),Raw material price volatility; Logistics and last-mile delivery cost; Delayed customer payments (B2B),Local construction/real estate activity; Online order volume trend; Repeat customer rate
BUS00092,Vegetable Vendor - Unit 0092,17.5,Institutional (Schools/Offices),Import-dependent supply chain,Harvest-season dependent,Seasonal cash flow gaps; Raw material price volatility,Seasonal festival calendar; Average transaction value trend
BUS00093,Auto Repair Shop - Unit 0093,0.9,Government/Institutional Contracts,2-3 suppliers - moderate dependency,Harvest-season dependent,Regulatory/licensing compliance burden; Currency/import cost fluctuation; Delayed customer payments (B2B),Local construction/real estate activity; Local population growth; Local employment rate
BUS00094,Vegetable Vendor - Unit 0094,1.1,Wholesale Bulk Buyers,Diversified supplier base - low dependency,High demand Oct-Dec (festive season),High employee attrition; Competition from larger chains; Currency/import cost fluctuation,Competitor density in radius; Repeat customer rate
BUS00095,Sweet Shop - Unit 0095,7.1,Online/E-commerce,Single supplier - high dependency,Harvest-season dependent,High employee attrition; Dependence on single supplier; Competition from larger chains,School/college enrollment nearby; Online order volume trend
BUS00096,Vegetable Vendor - Unit 0096,29.7,Retail - Walk-in,Diversified supplier base - low dependency,Monsoon-dependent (Jun-Sep),Logistics and last-mile delivery cost; High employee attrition,Social media engagement/reviews; Online order volume trend
BUS00097,Bookstore - Unit 0097,3.4,B2B - Regional Distributors,Diversified supplier base - low dependency,Summer peak (Apr-Jun),Perishable inventory spoilage; Seasonal cash flow gaps,Social media engagement/reviews; Seasonal festival calendar
BUS00098,Event Planning Service - Unit 0098,1.7,Retail - Walk-in,2-3 suppliers - moderate dependency,High demand Oct-Dec (festive season),High employee attrition; Logistics and last-mile delivery cost; Regulatory/licensing compliance burden,Local population growth; Seasonal festival calendar
BUS00099,Pharmacy - Unit 0099,2.2,Government/Institutional Contracts,Single supplier - high dependency,Stable year-round demand,Competition from larger chains; Regulatory/licensing compliance burden; Delayed customer payments (B2B),Average transaction value trend; Social media engagement/reviews
BUS00100,Bakery - Unit 0100,20.4,Government/Institutional Contracts,Diversified supplier base - low dependency,Year-end/New Year spike,Raw material price volatility; Competition from larger chains,Local employment rate; School/college enrollment nearby; Repeat customer rate
BUS00101,Mobile Repair Shop - Unit 0101,12.4,Retail - Repeat/Loyalty,Diversified supplier base - low dependency,Summer peak (Apr-Jun),Seasonal cash flow gaps; Perishable inventory spoilage,Local employment rate; Local construction/real estate activity; Social media engagement/reviews
BUS00102,Dairy & Milk Supplier - Unit 0102,15,Wholesale Bulk Buyers,Single supplier - high dependency,Stable year-round demand,Power/utility disruptions; Competition from larger chains,Local employment rate; Competitor density in radius
BUS00103,Agri Input Dealer - Unit 0103,14.4,Retail - Repeat/Loyalty,Diversified supplier base - low dependency,Harvest-season dependent,Currency/import cost fluctuation; Perishable inventory spoilage; Regulatory/licensing compliance burden,School/college enrollment nearby; Average transaction value trend
BUS00104,Restaurant - Unit 0104,1.1,Retail - Repeat/Loyalty,Self-sourced/in-house production,Stable year-round demand,Seasonal cash flow gaps; Delayed customer payments (B2B); Raw material price volatility,School/college enrollment nearby; Repeat customer rate; Local employment rate
BUS00105,Stationery Shop - Unit 0105,11.5,Retail - Walk-in,Diversified supplier base - low dependency,"Back-to-school peak (Jun, Jan)",Dependence on single supplier; Logistics and last-mile delivery cost; Delayed customer payments (B2B),Local population growth; School/college enrollment nearby
BUS00106,Mobile Repair Shop - Unit 0106,3.4,Online/E-commerce,Seasonal supplier contracts,Wedding season peak (Nov-Feb),Perishable inventory spoilage; Logistics and last-mile delivery cost,Local employment rate; Social media engagement/reviews
BUS00107,Photography Studio - Unit 0107,26.1,Government/Institutional Contracts,Single supplier - high dependency,"Back-to-school peak (Jun, Jan)",Seasonal cash flow gaps; Perishable inventory spoilage,Competitor density in radius; Agricultural output in surrounding region; Foot traffic count
BUS00108,Electronics Retailer - Unit 0108,2.1,Wholesale Bulk Buyers,Single supplier - high dependency,Summer peak (Apr-Jun),Dependence on single supplier; Delayed customer payments (B2B),Local employment rate; Agricultural output in surrounding region
BUS00109,Print & Copy Shop - Unit 0109,6,Institutional (Schools/Offices),Import-dependent supply chain,Wedding season peak (Nov-Feb),Raw material price volatility; Seasonal cash flow gaps,Local construction/real estate activity; Foot traffic count
BUS00110,Sweet Shop - Unit 0110,0.9,Wholesale Bulk Buyers,Self-sourced/in-house production,Year-end/New Year spike,Perishable inventory spoilage; High employee attrition; Delayed customer payments (B2B),Competitor density in radius; Local employment rate
BUS00111,Auto Repair Shop - Unit 0111,5.4,Mixed Retail & Wholesale,Seasonal supplier contracts,"Back-to-school peak (Jun, Jan)",High employee attrition; Power/utility disruptions,Foot traffic count; Online order volume trend
BUS00112,Dairy & Milk Supplier - Unit 0112,3.3,Institutional (Schools/Offices),Diversified supplier base - low dependency,Wedding season peak (Nov-Feb),Raw material price volatility; Competition from larger chains,Local population growth; Agricultural output in surrounding region; Local employment rate
BUS00113,Textile Manufacturer - Unit 0113,3,Online/E-commerce,Single supplier - high dependency,Harvest-season dependent,Power/utility disruptions; Raw material price volatility,Repeat customer rate; Competitor density in radius; Local construction/real estate activity
BUS00114,Tutoring Center - Unit 0114,24,Wholesale Bulk Buyers,Diversified supplier base - low dependency,Stable year-round demand,Raw material price volatility; Regulatory/licensing compliance burden; Seasonal cash flow gaps,Agricultural output in surrounding region; Competitor density in radius; Repeat customer rate
BUS00115,Tutoring Center - Unit 0115,0.9,Wholesale Bulk Buyers,Seasonal supplier contracts,Stable year-round demand,Perishable inventory spoilage; Regulatory/licensing compliance burden; High employee attrition,Local population growth; Repeat customer rate; Social media engagement/reviews
BUS00116,Vegetable Vendor - Unit 0116,1,B2B - Regional Distributors,Diversified supplier base - low dependency,Wedding season peak (Nov-Feb),High employee attrition; Dependence on single supplier,Seasonal festival calendar; Online order volume trend
BUS00117,Electronics Retailer - Unit 0117,21.5,Retail - Repeat/Loyalty,2-3 suppliers - moderate dependency,Year-end/New Year spike,Logistics and last-mile delivery cost; Limited access to working capital credit; Competition from larger chains,School/college enrollment nearby; Competitor density in radius; Local population growth
BUS00118,Print & Copy Shop - Unit 0118,1,Institutional (Schools/Offices),Diversified supplier base - low dependency,High demand Oct-Dec (festive season),Delayed customer payments (B2B); Dependence on single supplier; Perishable inventory spoilage,Average transaction value trend; Foot traffic count; School/college enrollment nearby
BUS00119,Stationery Shop - Unit 0119,4.2,Retail - Repeat/Loyalty,Seasonal supplier contracts,"Low seasonality, weekday/weekend variation only",Competition from larger chains; Logistics and last-mile delivery cost; Delayed customer payments (B2B),Average transaction value trend; Local construction/real estate activity
BUS00120,Vegetable Vendor - Unit 0120,2.8,Mixed Retail & Wholesale,Seasonal supplier contracts,Summer peak (Apr-Jun),Competition from larger chains; Dependence on single supplier,Agricultural output in surrounding region; Repeat customer rate; Social media engagement/reviews
BUS00121,Vegetable Vendor - Unit 0121,1.6,Mixed Retail & Wholesale,Self-sourced/in-house production,"Low seasonality, weekday/weekend variation only",Regulatory/licensing compliance burden; Limited access to working capital credit,Local employment rate; Agricultural output in surrounding region; Competitor density in radius
BUS00122,Sweet Shop - Unit 0122,20.5,Online/E-commerce,Single supplier - high dependency,Wedding season peak (Nov-Feb),Delayed customer payments (B2B); Currency/import cost fluctuation,Seasonal festival calendar; Agricultural output in surrounding region; Local construction/real estate activity
BUS00123,Plastic Goods Manufacturer - Unit 0123,1.9,B2B - Local Businesses,Diversified supplier base - low dependency,"Back-to-school peak (Jun, Jan)",Seasonal cash flow gaps; Logistics and last-mile delivery cost; Dependence on single supplier,Social media engagement/reviews; Local employment rate; Competitor density in radius
BUS00124,Agri Input Dealer - Unit 0124,2.1,Government/Institutional Contracts,Single supplier - high dependency,Harvest-season dependent,Raw material price volatility; Regulatory/licensing compliance burden; Perishable inventory spoilage,Online order volume trend; Competitor density in radius
BUS00125,Photography Studio - Unit 0125,13.2,B2B - Local Businesses,2-3 suppliers - moderate dependency,Stable year-round demand,Dependence on single supplier; Delayed customer payments (B2B); Currency/import cost fluctuation,School/college enrollment nearby; Competitor density in radius
BUS00126,Packaging Unit - Unit 0126,21.3,Wholesale Bulk Buyers,2-3 suppliers - moderate dependency,Summer peak (Apr-Jun),Limited access to working capital credit; Logistics and last-mile delivery cost,Agricultural output in surrounding region; Average transaction value trend
BUS00127,Pharmacy - Unit 0127,9.5,B2B - Regional Distributors,Self-sourced/in-house production,"Back-to-school peak (Jun, Jan)",High employee attrition; Delayed customer payments (B2B); Limited access to working capital credit,Average transaction value trend; Online order volume trend; Competitor density in radius
BUS00128,Sweet Shop - Unit 0128,29.8,Mixed Retail & Wholesale,Diversified supplier base - low dependency,Harvest-season dependent,Seasonal cash flow gaps; High employee attrition; Logistics and last-mile delivery cost,Seasonal festival calendar; Foot traffic count
BUS00129,Vegetable Vendor - Unit 0129,17.2,Government/Institutional Contracts,Single supplier - high dependency,"Low seasonality, weekday/weekend variation only",Perishable inventory spoilage; Dependence on single supplier,Seasonal festival calendar; Average transaction value trend
BUS00130,Packaging Unit - Unit 0130,17.2,Wholesale Bulk Buyers,Single supplier - high dependency,Monsoon-dependent (Jun-Sep),Regulatory/licensing compliance burden; Raw material price volatility; Power/utility disruptions,Local employment rate; Social media engagement/reviews
BUS00131,Stationery Shop - Unit 0131,2.9,Retail - Repeat/Loyalty,Diversified supplier base - low dependency,Monsoon-dependent (Jun-Sep),Regulatory/licensing compliance burden; Dependence on single supplier,Local population growth; Agricultural output in surrounding region; Foot traffic count
BUS00132,Dairy & Milk Supplier - Unit 0132,16.2,B2B - Local Businesses,Import-dependent supply chain,Year-end/New Year spike,Logistics and last-mile delivery cost; Raw material price volatility; Dependence on single supplier,Seasonal festival calendar; Online order volume trend
BUS00133,Agri Input Dealer - Unit 0133,2,Government/Institutional Contracts,Self-sourced/in-house production,Stable year-round demand,High employee attrition; Perishable inventory spoilage; Dependence on single supplier,Online order volume trend; Local employment rate
BUS00134,Vegetable Vendor - Unit 0134,24.6,Retail - Repeat/Loyalty,Self-sourced/in-house production,"Low seasonality, weekday/weekend variation only",Currency/import cost fluctuation; Delayed customer payments (B2B),Agricultural output in surrounding region; Local population growth
BUS00135,Dairy & Milk Supplier - Unit 0135,8,Online/E-commerce,2-3 suppliers - moderate dependency,Harvest-season dependent,Currency/import cost fluctuation; Limited access to working capital credit,Social media engagement/reviews; Competitor density in radius
BUS00136,Restaurant - Unit 0136,20.4,Government/Institutional Contracts,Seasonal supplier contracts,High demand Oct-Dec (festive season),Competition from larger chains; Raw material price volatility; Power/utility disruptions,Seasonal festival calendar; Foot traffic count; Competitor density in radius
BUS00137,Event Planning Service - Unit 0137,0.9,Retail - Repeat/Loyalty,Seasonal supplier contracts,Wedding season peak (Nov-Feb),Raw material price volatility; Regulatory/licensing compliance burden,School/college enrollment nearby; Local population growth; Average transaction value trend
BUS00138,Cloud Kitchen - Unit 0138,15.8,B2B - Local Businesses,Single supplier - high dependency,Year-end/New Year spike,Perishable inventory spoilage; High employee attrition,Online order volume trend; Foot traffic count
BUS00139,Furniture Store - Unit 0139,5,Government/Institutional Contracts,Self-sourced/in-house production,"Back-to-school peak (Jun, Jan)",Currency/import cost fluctuation; High employee attrition,Competitor density in radius; Foot traffic count; Agricultural output in surrounding region
BUS00140,Hardware Store - Unit 0140,1.1,Wholesale Bulk Buyers,Self-sourced/in-house production,Year-end/New Year spike,Regulatory/licensing compliance burden; Seasonal cash flow gaps; Competition from larger chains,Competitor density in radius; Social media engagement/reviews; Seasonal festival calendar
BUS00141,Event Planning Service - Unit 0141,1.1,Retail - Repeat/Loyalty,Self-sourced/in-house production,Summer peak (Apr-Jun),Regulatory/licensing compliance burden; Dependence on single supplier; Currency/import cost fluctuation,School/college enrollment nearby; Seasonal festival calendar; Agricultural output in surrounding region
BUS00142,Print & Copy Shop - Unit 0142,27.2,B2B - Local Businesses,Import-dependent supply chain,Year-end/New Year spike,Competition from larger chains; Raw material price volatility; Regulatory/licensing compliance burden,Seasonal festival calendar; School/college enrollment nearby; Foot traffic count
BUS00143,Restaurant - Unit 0143,9.5,B2B - Local Businesses,Single supplier - high dependency,Summer peak (Apr-Jun),Raw material price volatility; Seasonal cash flow gaps; Dependence on single supplier,School/college enrollment nearby; Competitor density in radius
BUS00144,Stationery Shop - Unit 0144,11.8,Retail - Walk-in,Seasonal supplier contracts,Summer peak (Apr-Jun),Regulatory/licensing compliance burden; Limited access to working capital credit; Competition from larger chains,Local construction/real estate activity; Local population growth
BUS00145,Grocery Wholesaler - Unit 0145,6.7,Institutional (Schools/Offices),2-3 suppliers - moderate dependency,Stable year-round demand,Limited access to working capital credit; Seasonal cash flow gaps,Social media engagement/reviews; Local employment rate; Agricultural output in surrounding region
BUS00146,Auto Repair Shop - Unit 0146,5.5,Mixed Retail & Wholesale,2-3 suppliers - moderate dependency,"Back-to-school peak (Jun, Jan)",High employee attrition; Dependence on single supplier; Seasonal cash flow gaps,Average transaction value trend; Local population growth
BUS00147,Packaging Unit - Unit 0147,18,Online/E-commerce,Import-dependent supply chain,Wedding season peak (Nov-Feb),Delayed customer payments (B2B); Limited access to working capital credit,Seasonal festival calendar; Local population growth; School/college enrollment nearby
BUS00148,Event Planning Service - Unit 0148,7,Retail - Repeat/Loyalty,2-3 suppliers - moderate dependency,Summer peak (Apr-Jun),Competition from larger chains; Raw material price volatility,Social media engagement/reviews; Local construction/real estate activity; Competitor density in radius
BUS00149,Print & Copy Shop - Unit 0149,17,Retail - Repeat/Loyalty,Single supplier - high dependency,"Back-to-school peak (Jun, Jan)",Limited access to working capital credit; Competition from larger chains; Delayed customer payments (B2B),Local employment rate; Local construction/real estate activity; Repeat customer rate
BUS00150,Salon & Spa - Unit 0150,7.4,Mixed Retail & Wholesale,Self-sourced/in-house production,"Low seasonality, weekday/weekend variation only",Seasonal cash flow gaps; Delayed customer payments (B2B); Logistics and last-mile delivery cost,Local population growth; Local employment rate
BUS00151,Grocery Wholesaler - Unit 0151,0.6,Government/Institutional Contracts,2-3 suppliers - moderate dependency,"Back-to-school peak (Jun, Jan)",Seasonal cash flow gaps; Regulatory/licensing compliance burden,Competitor density in radius; Social media engagement/reviews
BUS00152,Packaging Unit - Unit 0152,5.7,Institutional (Schools/Offices),2-3 suppliers - moderate dependency,"Low seasonality, weekday/weekend variation only",Seasonal cash flow gaps; Currency/import cost fluctuation; Perishable inventory spoilage,Social media engagement/reviews; School/college enrollment nearby
BUS00153,Electronics Retailer - Unit 0153,29.4,B2B - Local Businesses,2-3 suppliers - moderate dependency,Wedding season peak (Nov-Feb),Raw material price volatility; Dependence on single supplier,School/college enrollment nearby; Local construction/real estate activity
BUS00154,Hardware Store - Unit 0154,3.3,Wholesale Bulk Buyers,Seasonal supplier contracts,High demand Oct-Dec (festive season),Currency/import cost fluctuation; Delayed customer payments (B2B); Perishable inventory spoilage,Average transaction value trend; Online order volume trend; Local employment rate
BUS00155,Dairy & Milk Supplier - Unit 0155,12.4,Retail - Walk-in,2-3 suppliers - moderate dependency,Year-end/New Year spike,Competition from larger chains; Limited access to working capital credit; High employee attrition,Local construction/real estate activity; Local population growth; Competitor density in radius
BUS00156,Plastic Goods Manufacturer - Unit 0156,7.7,Online/E-commerce,Self-sourced/in-house production,Summer peak (Apr-Jun),Delayed customer payments (B2B); Limited access to working capital credit; Dependence on single supplier,Online order volume trend; Average transaction value trend; Repeat customer rate
BUS00157,Hardware Store - Unit 0157,13.5,Retail - Repeat/Loyalty,Single supplier - high dependency,"Back-to-school peak (Jun, Jan)",Logistics and last-mile delivery cost; Power/utility disruptions; High employee attrition,Competitor density in radius; Local construction/real estate activity
BUS00158,Laundry Service - Unit 0158,6.1,B2B - Local Businesses,Self-sourced/in-house production,"Low seasonality, weekday/weekend variation only",Competition from larger chains; Perishable inventory spoilage; Limited access to working capital credit,Repeat customer rate; Local employment rate
BUS00159,Grocery Wholesaler - Unit 0159,17.8,B2B - Regional Distributors,Seasonal supplier contracts,Wedding season peak (Nov-Feb),Raw material price volatility; Perishable inventory spoilage,Local construction/real estate activity; School/college enrollment nearby; Average transaction value trend
BUS00160,Dairy & Milk Supplier - Unit 0160,16.1,Retail - Repeat/Loyalty,Self-sourced/in-house production,Summer peak (Apr-Jun),Limited access to working capital credit; Regulatory/licensing compliance burden; Power/utility disruptions,Foot traffic count; Local employment rate; Agricultural output in surrounding region
BUS00161,Bookstore - Unit 0161,17.6,Government/Institutional Contracts,Diversified supplier base - low dependency,Stable year-round demand,Delayed customer payments (B2B); Competition from larger chains; Limited access to working capital credit,Local construction/real estate activity; School/college enrollment nearby; Agricultural output in surrounding region
BUS00162,Auto Repair Shop - Unit 0162,2.4,Wholesale Bulk Buyers,Diversified supplier base - low dependency,Wedding season peak (Nov-Feb),Seasonal cash flow gaps; High employee attrition; Logistics and last-mile delivery cost,Social media engagement/reviews; Foot traffic count; School/college enrollment nearby
BUS00163,Pharmacy - Unit 0163,2.2,Mixed Retail & Wholesale,Seasonal supplier contracts,Year-end/New Year spike,Logistics and last-mile delivery cost; Delayed customer payments (B2B),Competitor density in radius; Local construction/real estate activity
BUS00164,Furniture Store - Unit 0164,1.9,Institutional (Schools/Offices),Seasonal supplier contracts,Wedding season peak (Nov-Feb),Limited access to working capital credit; Logistics and last-mile delivery cost; Perishable inventory spoilage,Foot traffic count; Competitor density in radius; School/college enrollment nearby
BUS00165,Sweet Shop - Unit 0165,1.2,Institutional (Schools/Offices),Import-dependent supply chain,High demand Oct-Dec (festive season),Perishable inventory spoilage; Currency/import cost fluctuation; Logistics and last-mile delivery cost,Agricultural output in surrounding region; Foot traffic count
BUS00166,Bookstore - Unit 0166,13,Wholesale Bulk Buyers,2-3 suppliers - moderate dependency,Monsoon-dependent (Jun-Sep),Logistics and last-mile delivery cost; Dependence on single supplier,Foot traffic count; Average transaction value trend
BUS00167,Furniture Store - Unit 0167,8.6,B2B - Regional Distributors,Self-sourced/in-house production,"Low seasonality, weekday/weekend variation only",Limited access to working capital credit; Raw material price volatility; Seasonal cash flow gaps,Social media engagement/reviews; Competitor density in radius
BUS00168,Sweet Shop - Unit 0168,15.2,Online/E-commerce,2-3 suppliers - moderate dependency,Year-end/New Year spike,Delayed customer payments (B2B); Regulatory/licensing compliance burden; Perishable inventory spoilage,Online order volume trend; Agricultural output in surrounding region; Seasonal festival calendar
BUS00169,Textile Manufacturer - Unit 0169,4.4,Institutional (Schools/Offices),Diversified supplier base - low dependency,Monsoon-dependent (Jun-Sep),Regulatory/licensing compliance burden; Competition from larger chains; Limited access to working capital credit,Seasonal festival calendar; Repeat customer rate; Local construction/real estate activity
BUS00170,Sweet Shop - Unit 0170,19,Wholesale Bulk Buyers,Diversified supplier base - low dependency,Summer peak (Apr-Jun),Raw material price volatility; Perishable inventory spoilage; Dependence on single supplier,Average transaction value trend; School/college enrollment nearby; Seasonal festival calendar
BUS00171,Laundry Service - Unit 0171,13.3,Government/Institutional Contracts,Diversified supplier base - low dependency,"Low seasonality, weekday/weekend variation only",Seasonal cash flow gaps; Dependence on single supplier; Logistics and last-mile delivery cost,Online order volume trend; Foot traffic count
BUS00172,Sweet Shop - Unit 0172,17.8,B2B - Regional Distributors,Single supplier - high dependency,Stable year-round demand,Regulatory/licensing compliance burden; Competition from larger chains; Dependence on single supplier,Foot traffic count; Social media engagement/reviews
BUS00173,Handicraft Exporter - Unit 0173,1.9,Mixed Retail & Wholesale,Self-sourced/in-house production,Monsoon-dependent (Jun-Sep),Regulatory/licensing compliance burden; Perishable inventory spoilage; Raw material price volatility,School/college enrollment nearby; Local construction/real estate activity
BUS00174,Bakery - Unit 0174,21.9,Retail - Walk-in,2-3 suppliers - moderate dependency,Harvest-season dependent,Raw material price volatility; Power/utility disruptions,Local population growth; Seasonal festival calendar; Foot traffic count
BUS00175,Kirana Store - Unit 0175,5.1,Retail - Repeat/Loyalty,Diversified supplier base - low dependency,"Back-to-school peak (Jun, Jan)",Currency/import cost fluctuation; Delayed customer payments (B2B); Limited access to working capital credit,Local population growth; Social media engagement/reviews; Average transaction value trend
BUS00176,Hardware Store - Unit 0176,3.4,Online/E-commerce,2-3 suppliers - moderate dependency,Year-end/New Year spike,Limited access to working capital credit; Seasonal cash flow gaps; Raw material price volatility,Seasonal festival calendar; Local construction/real estate activity; Online order volume trend
BUS00177,Electronics Retailer - Unit 0177,28.6,Wholesale Bulk Buyers,Self-sourced/in-house production,"Low seasonality, weekday/weekend variation only",Dependence on single supplier; Power/utility disruptions; Limited access to working capital credit,Local population growth; Average transaction value trend
BUS00178,Furniture Store - Unit 0178,2.4,Wholesale Bulk Buyers,2-3 suppliers - moderate dependency,Year-end/New Year spike,Regulatory/licensing compliance burden; Perishable inventory spoilage; Logistics and last-mile delivery cost,Seasonal festival calendar; School/college enrollment nearby
BUS00179,Stationery Shop - Unit 0179,2.5,Retail - Repeat/Loyalty,Self-sourced/in-house production,"Back-to-school peak (Jun, Jan)",Power/utility disruptions; Currency/import cost fluctuation,Agricultural output in surrounding region; Repeat customer rate; Seasonal festival calendar
BUS00180,Stationery Shop - Unit 0180,22.2,B2B - Local Businesses,Self-sourced/in-house production,Summer peak (Apr-Jun),Limited access to working capital credit; Logistics and last-mile delivery cost; Regulatory/licensing compliance burden,Agricultural output in surrounding region; Social media engagement/reviews; Average transaction value trend
BUS00181,Photography Studio - Unit 0181,22.4,B2B - Regional Distributors,2-3 suppliers - moderate dependency,Stable year-round demand,Delayed customer payments (B2B); Regulatory/licensing compliance burden; Dependence on single supplier,Foot traffic count; Social media engagement/reviews
BUS00182,Packaging Unit - Unit 0182,17.6,Government/Institutional Contracts,2-3 suppliers - moderate dependency,Summer peak (Apr-Jun),Delayed customer payments (B2B); Competition from larger chains; Dependence on single supplier,Agricultural output in surrounding region; Local construction/real estate activity
BUS00183,Mobile Repair Shop - Unit 0183,1.2,Mixed Retail & Wholesale,Single supplier - high dependency,Year-end/New Year spike,Delayed customer payments (B2B); Power/utility disruptions,Local construction/real estate activity; Foot traffic count; Social media engagement/reviews
BUS00184,Print & Copy Shop - Unit 0184,5.4,Wholesale Bulk Buyers,Diversified supplier base - low dependency,High demand Oct-Dec (festive season),Logistics and last-mile delivery cost; Dependence on single supplier,Local employment rate; Competitor density in radius
BUS00185,Cloud Kitchen - Unit 0185,1,Retail - Walk-in,Single supplier - high dependency,Year-end/New Year spike,Perishable inventory spoilage; Power/utility disruptions,Local population growth; School/college enrollment nearby
BUS00186,Laundry Service - Unit 0186,9.5,Wholesale Bulk Buyers,Self-sourced/in-house production,Harvest-season dependent,Dependence on single supplier; Currency/import cost fluctuation; Delayed customer payments (B2B),School/college enrollment nearby; Competitor density in radius
BUS00187,Auto Repair Shop - Unit 0187,2.4,Wholesale Bulk Buyers,Seasonal supplier contracts,Summer peak (Apr-Jun),Raw material price volatility; Limited access to working capital credit,Average transaction value trend; School/college enrollment nearby; Social media engagement/reviews
BUS00188,Tutoring Center - Unit 0188,19,B2B - Regional Distributors,2-3 suppliers - moderate dependency,Year-end/New Year spike,Seasonal cash flow gaps; Perishable inventory spoilage; High employee attrition,Foot traffic count; School/college enrollment nearby
BUS00189,Tutoring Center - Unit 0189,27.7,Retail - Walk-in,2-3 suppliers - moderate dependency,Monsoon-dependent (Jun-Sep),Dependence on single supplier; Logistics and last-mile delivery cost,Average transaction value trend; Local construction/real estate activity
BUS00190,Sweet Shop - Unit 0190,0.4,Retail - Walk-in,Self-sourced/in-house production,Year-end/New Year spike,Delayed customer payments (B2B); High employee attrition,Local population growth; Social media engagement/reviews
BUS00191,Dairy & Milk Supplier - Unit 0191,3.4,Online/E-commerce,Seasonal supplier contracts,Wedding season peak (Nov-Feb),Perishable inventory spoilage; Seasonal cash flow gaps,Local employment rate; Seasonal festival calendar
BUS00192,Hardware Store - Unit 0192,0.5,B2B - Local Businesses,Import-dependent supply chain,Harvest-season dependent,Raw material price volatility; Regulatory/licensing compliance burden; Power/utility disruptions,Agricultural output in surrounding region; Local employment rate; School/college enrollment nearby
BUS00193,Salon & Spa - Unit 0193,4.8,Government/Institutional Contracts,Self-sourced/in-house production,Monsoon-dependent (Jun-Sep),Perishable inventory spoilage; Seasonal cash flow gaps,Foot traffic count; Social media engagement/reviews; Local employment rate
BUS00194,Tutoring Center - Unit 0194,20.2,Wholesale Bulk Buyers,2-3 suppliers - moderate dependency,"Back-to-school peak (Jun, Jan)",Regulatory/licensing compliance burden; Currency/import cost fluctuation,Average transaction value trend; Competitor density in radius
BUS00195,Restaurant - Unit 0195,21.8,B2B - Regional Distributors,Single supplier - high dependency,"Back-to-school peak (Jun, Jan)",Currency/import cost fluctuation; Logistics and last-mile delivery cost; Limited access to working capital credit,Repeat customer rate; Online order volume trend
BUS00196,Event Planning Service - Unit 0196,27.2,Government/Institutional Contracts,2-3 suppliers - moderate dependency,Year-end/New Year spike,Regulatory/licensing compliance burden; Perishable inventory spoilage,Online order volume trend; Agricultural output in surrounding region
BUS00197,Laundry Service - Unit 0197,1.1,Mixed Retail & Wholesale,2-3 suppliers - moderate dependency,Monsoon-dependent (Jun-Sep),High employee attrition; Delayed customer payments (B2B); Regulatory/licensing compliance burden,Local employment rate; Average transaction value trend; Social media engagement/reviews
BUS00198,Vegetable Vendor - Unit 0198,6.5,Online/E-commerce,Seasonal supplier contracts,Year-end/New Year spike,Dependence on single supplier; Competition from larger chains; Regulatory/licensing compliance burden,Competitor density in radius; Agricultural output in surrounding region
BUS00199,Tutoring Center - Unit 0199,0.5,B2B - Regional Distributors,Import-dependent supply chain,Summer peak (Apr-Jun),Perishable inventory spoilage; Delayed customer payments (B2B),Seasonal festival calendar; Local population growth; Online order volume trend
BUS00200,Furniture Store - Unit 0200,2.9,B2B - Regional Distributors,Self-sourced/in-house production,"Low seasonality, weekday/weekend variation only",Perishable inventory spoilage; Competition from larger chains; Currency/import cost fluctuation,Local population growth; Competitor density in radius; Agricultural output in surrounding region
BUS00201,Salon & Spa - Unit 0201,19.9,Government/Institutional Contracts,Import-dependent supply chain,High demand Oct-Dec (festive season),Dependence on single supplier; Currency/import cost fluctuation,Foot traffic count; Local employment rate
BUS00202,Salon & Spa - Unit 0202,2.5,B2B - Local Businesses,Single supplier - high dependency,Monsoon-dependent (Jun-Sep),Regulatory/licensing compliance burden; Raw material price volatility; Logistics and last-mile delivery cost,School/college enrollment nearby; Average transaction value trend; Foot traffic count
BUS00203,Kirana Store - Unit 0203,20.4,Retail - Walk-in,Single supplier - high dependency,"Low seasonality, weekday/weekend variation only",Delayed customer payments (B2B); Perishable inventory spoilage; Raw material price volatility,Local population growth; Repeat customer rate; School/college enrollment nearby
BUS00204,Grocery Wholesaler - Unit 0204,1.8,Government/Institutional Contracts,Diversified supplier base - low dependency,Wedding season peak (Nov-Feb),Power/utility disruptions; Dependence on single supplier; Regulatory/licensing compliance burden,Average transaction value trend; Local construction/real estate activity; Online order volume trend
BUS00205,Cloud Kitchen - Unit 0205,2.8,Retail - Repeat/Loyalty,Import-dependent supply chain,High demand Oct-Dec (festive season),Power/utility disruptions; Limited access to working capital credit,Social media engagement/reviews; Average transaction value trend; Foot traffic count
BUS00206,Vegetable Vendor - Unit 0206,0.5,Retail - Repeat/Loyalty,Self-sourced/in-house production,Harvest-season dependent,Logistics and last-mile delivery cost; Dependence on single supplier; Delayed customer payments (B2B),Online order volume trend; Agricultural output in surrounding region
BUS00207,Packaging Unit - Unit 0207,24.8,Retail - Walk-in,Single supplier - high dependency,"Back-to-school peak (Jun, Jan)",Seasonal cash flow gaps; Regulatory/licensing compliance burden,Online order volume trend; Local construction/real estate activity
BUS00208,Salon & Spa - Unit 0208,11.7,Institutional (Schools/Offices),2-3 suppliers - moderate dependency,Monsoon-dependent (Jun-Sep),Currency/import cost fluctuation; Delayed customer payments (B2B); Regulatory/licensing compliance burden,Agricultural output in surrounding region; Local population growth; Repeat customer rate
BUS00209,Grocery Wholesaler - Unit 0209,5.8,Wholesale Bulk Buyers,2-3 suppliers - moderate dependency,Stable year-round demand,Logistics and last-mile delivery cost; Limited access to working capital credit; Currency/import cost fluctuation,Competitor density in radius; Foot traffic count; Seasonal festival calendar
BUS00210,Event Planning Service - Unit 0210,14.9,Online/E-commerce,Seasonal supplier contracts,Harvest-season dependent,Seasonal cash flow gaps; Currency/import cost fluctuation; Logistics and last-mile delivery cost,Repeat customer rate; Local construction/real estate activity; Seasonal festival calendar
BUS00211,Event Planning Service - Unit 0211,3.3,Retail - Repeat/Loyalty,Diversified supplier base - low dependency,Summer peak (Apr-Jun),Limited access to working capital credit; Currency/import cost fluctuation; Seasonal cash flow gaps,Competitor density in radius; Agricultural output in surrounding region; Repeat customer rate
BUS00212,Restaurant - Unit 0212,0.6,Mixed Retail & Wholesale,Diversified supplier base - low dependency,"Back-to-school peak (Jun, Jan)",Seasonal cash flow gaps; Dependence on single supplier,Local employment rate; Average transaction value trend
BUS00213,Textile Manufacturer - Unit 0213,20.1,Retail - Repeat/Loyalty,Single supplier - high dependency,Stable year-round demand,Delayed customer payments (B2B); Dependence on single supplier; Logistics and last-mile delivery cost,Local employment rate; Foot traffic count; Seasonal festival calendar
BUS00214,Tutoring Center - Unit 0214,11.1,Government/Institutional Contracts,2-3 suppliers - moderate dependency,"Low seasonality, weekday/weekend variation only",Currency/import cost fluctuation; Power/utility disruptions,Local population growth; Seasonal festival calendar
BUS00215,Dairy & Milk Supplier - Unit 0215,5,Retail - Repeat/Loyalty,2-3 suppliers - moderate dependency,Harvest-season dependent,Power/utility disruptions; Perishable inventory spoilage; Competition from larger chains,Competitor density in radius; Seasonal festival calendar
BUS00216,Bakery - Unit 0216,15.6,B2B - Regional Distributors,Self-sourced/in-house production,Stable year-round demand,Perishable inventory spoilage; Raw material price volatility,Competitor density in radius; Local construction/real estate activity; Local employment rate
BUS00217,Event Planning Service - Unit 0217,6.8,Wholesale Bulk Buyers,Import-dependent supply chain,Summer peak (Apr-Jun),Regulatory/licensing compliance burden; Logistics and last-mile delivery cost; High employee attrition,Competitor density in radius; Local population growth; Local employment rate
BUS00218,Furniture Store - Unit 0218,5.5,Mixed Retail & Wholesale,Seasonal supplier contracts,Monsoon-dependent (Jun-Sep),Power/utility disruptions; Perishable inventory spoilage; Limited access to working capital credit,Repeat customer rate; Local construction/real estate activity; Online order volume trend
BUS00219,Bookstore - Unit 0219,17.4,Government/Institutional Contracts,Single supplier - high dependency,Year-end/New Year spike,Competition from larger chains; Perishable inventory spoilage,Local employment rate; School/college enrollment nearby
BUS00220,Mobile Repair Shop - Unit 0220,2.1,B2B - Regional Distributors,Diversified supplier base - low dependency,Summer peak (Apr-Jun),Power/utility disruptions; Dependence on single supplier; Competition from larger chains,Local construction/real estate activity; Local employment rate; Social media engagement/reviews
BUS00221,Grocery Wholesaler - Unit 0221,10.2,Online/E-commerce,Import-dependent supply chain,"Low seasonality, weekday/weekend variation only",Dependence on single supplier; High employee attrition,Local population growth; School/college enrollment nearby; Local construction/real estate activity
BUS00222,Pharmacy - Unit 0222,29.8,Wholesale Bulk Buyers,Diversified supplier base - low dependency,Harvest-season dependent,Raw material price volatility; Dependence on single supplier,Online order volume trend; Social media engagement/reviews; School/college enrollment nearby
BUS00223,Textile Manufacturer - Unit 0223,26.9,B2B - Regional Distributors,Self-sourced/in-house production,Wedding season peak (Nov-Feb),Competition from larger chains; Currency/import cost fluctuation; Logistics and last-mile delivery cost,Competitor density in radius; Foot traffic count
BUS00224,Mobile Repair Shop - Unit 0224,0.9,Retail - Repeat/Loyalty,Single supplier - high dependency,Summer peak (Apr-Jun),Perishable inventory spoilage; Regulatory/licensing compliance burden; Competition from larger chains,Social media engagement/reviews; Average transaction value trend
BUS00225,Stationery Shop - Unit 0225,12.6,Mixed Retail & Wholesale,Diversified supplier base - low dependency,Stable year-round demand,Raw material price volatility; Dependence on single supplier; Limited access to working capital credit,School/college enrollment nearby; Repeat customer rate; Local population growth
BUS00226,Handicraft Exporter - Unit 0226,3,Government/Institutional Contracts,2-3 suppliers - moderate dependency,Wedding season peak (Nov-Feb),Competition from larger chains; High employee attrition; Power/utility disruptions,Local population growth; School/college enrollment nearby
BUS00227,Sweet Shop - Unit 0227,9.6,B2B - Regional Distributors,Self-sourced/in-house production,Harvest-season dependent,Raw material price volatility; High employee attrition; Currency/import cost fluctuation,Agricultural output in surrounding region; Repeat customer rate; Local construction/real estate activity
BUS00228,Auto Repair Shop - Unit 0228,17.5,Online/E-commerce,2-3 suppliers - moderate dependency,Year-end/New Year spike,Perishable inventory spoilage; Currency/import cost fluctuation,Social media engagement/reviews; School/college enrollment nearby; Competitor density in radius
BUS00229,Cafe - Unit 0229,10.4,Retail - Repeat/Loyalty,Diversified supplier base - low dependency,Wedding season peak (Nov-Feb),Logistics and last-mile delivery cost; Seasonal cash flow gaps; Perishable inventory spoilage,School/college enrollment nearby; Local population growth
BUS00230,Furniture Store - Unit 0230,0.9,Retail - Repeat/Loyalty,2-3 suppliers - moderate dependency,Wedding season peak (Nov-Feb),Delayed customer payments (B2B); Power/utility disruptions,Local construction/real estate activity; Local population growth; Agricultural output in surrounding region
BUS00231,Fitness Studio - Unit 0231,8.7,Government/Institutional Contracts,Import-dependent supply chain,Summer peak (Apr-Jun),Competition from larger chains; Perishable inventory spoilage,Local population growth; Competitor density in radius
BUS00232,Agri Input Dealer - Unit 0232,15.7,Online/E-commerce,Single supplier - high dependency,Year-end/New Year spike,High employee attrition; Power/utility disruptions,Local employment rate; School/college enrollment nearby; Average transaction value trend
BUS00233,Tutoring Center - Unit 0233,14.9,Retail - Repeat/Loyalty,Seasonal supplier contracts,High demand Oct-Dec (festive season),Perishable inventory spoilage; Raw material price volatility,Online order volume trend; Social media engagement/reviews; Seasonal festival calendar
BUS00234,Electronics Retailer - Unit 0234,15.4,Mixed Retail & Wholesale,Seasonal supplier contracts,"Low seasonality, weekday/weekend variation only",Logistics and last-mile delivery cost; Dependence on single supplier,Social media engagement/reviews; Competitor density in radius; Agricultural output in surrounding region
BUS00235,Agri Input Dealer - Unit 0235,0.6,Mixed Retail & Wholesale,Seasonal supplier contracts,Monsoon-dependent (Jun-Sep),Dependence on single supplier; Currency/import cost fluctuation; High employee attrition,Foot traffic count; Average transaction value trend; Seasonal festival calendar
BUS00236,Stationery Shop - Unit 0236,1,Retail - Repeat/Loyalty,2-3 suppliers - moderate dependency,Monsoon-dependent (Jun-Sep),Limited access to working capital credit; Logistics and last-mile delivery cost; Power/utility disruptions,Local construction/real estate activity; Local population growth
BUS00237,Event Planning Service - Unit 0237,3.4,Retail - Walk-in,Seasonal supplier contracts,Wedding season peak (Nov-Feb),Logistics and last-mile delivery cost; Delayed customer payments (B2B); Seasonal cash flow gaps,Agricultural output in surrounding region; Seasonal festival calendar; School/college enrollment nearby
BUS00238,Bookstore - Unit 0238,5.9,Government/Institutional Contracts,Import-dependent supply chain,Stable year-round demand,Power/utility disruptions; Raw material price volatility,School/college enrollment nearby; Local population growth; Agricultural output in surrounding region
BUS00239,Bakery - Unit 0239,2.2,B2B - Regional Distributors,Import-dependent supply chain,Harvest-season dependent,Seasonal cash flow gaps; Logistics and last-mile delivery cost; Perishable inventory spoilage,Local employment rate; Average transaction value trend; Repeat customer rate
BUS00240,Vegetable Vendor - Unit 0240,1,Institutional (Schools/Offices),Import-dependent supply chain,Wedding season peak (Nov-Feb),Competition from larger chains; Regulatory/licensing compliance burden; Logistics and last-mile delivery cost,Agricultural output in surrounding region; Repeat customer rate
BUS00241,Laundry Service - Unit 0241,15.8,Online/E-commerce,Single supplier - high dependency,"Low seasonality, weekday/weekend variation only",High employee attrition; Power/utility disruptions; Limited access to working capital credit,Seasonal festival calendar; Competitor density in radius; Agricultural output in surrounding region
BUS00242,Furniture Store - Unit 0242,20.6,Mixed Retail & Wholesale,Diversified supplier base - low dependency,High demand Oct-Dec (festive season),Dependence on single supplier; Currency/import cost fluctuation,Foot traffic count; Repeat customer rate; Local population growth
BUS00243,Print & Copy Shop - Unit 0243,12,Wholesale Bulk Buyers,2-3 suppliers - moderate dependency,Summer peak (Apr-Jun),Seasonal cash flow gaps; Perishable inventory spoilage; Dependence on single supplier,Seasonal festival calendar; Repeat customer rate; Competitor density in radius
BUS00244,Sweet Shop - Unit 0244,1.6,Institutional (Schools/Offices),Import-dependent supply chain,Monsoon-dependent (Jun-Sep),Currency/import cost fluctuation; Dependence on single supplier; Limited access to working capital credit,Online order volume trend; Average transaction value trend
BUS00245,Restaurant - Unit 0245,2.1,Government/Institutional Contracts,Import-dependent supply chain,Year-end/New Year spike,Raw material price volatility; Regulatory/licensing compliance burden,Local employment rate; Local population growth
BUS00246,Mobile Repair Shop - Unit 0246,0.9,Retail - Repeat/Loyalty,Import-dependent supply chain,Stable year-round demand,Regulatory/licensing compliance burden; Limited access to working capital credit,Local population growth; Local employment rate; Agricultural output in surrounding region
BUS00247,Vegetable Vendor - Unit 0247,1.7,Retail - Walk-in,Seasonal supplier contracts,Summer peak (Apr-Jun),Regulatory/licensing compliance burden; High employee attrition; Seasonal cash flow gaps,Local construction/real estate activity; School/college enrollment nearby; Average transaction value trend
BUS00248,Plastic Goods Manufacturer - Unit 0248,2.5,Retail - Repeat/Loyalty,2-3 suppliers - moderate dependency,Stable year-round demand,Regulatory/licensing compliance burden; Power/utility disruptions; Limited access to working capital credit,Online order volume trend; Seasonal festival calendar
BUS00249,Vegetable Vendor - Unit 0249,0.9,Institutional (Schools/Offices),Import-dependent supply chain,High demand Oct-Dec (festive season),High employee attrition; Delayed customer payments (B2B); Logistics and last-mile delivery cost,Agricultural output in surrounding region; Local employment rate
BUS00250,Dairy & Milk Supplier - Unit 0250,0.6,B2B - Regional Distributors,Self-sourced/in-house production,Harvest-season dependent,High employee attrition; Competition from larger chains,Social media engagement/reviews; Foot traffic count
BUS00251,Stationery Shop - Unit 0251,6,Wholesale Bulk Buyers,Diversified supplier base - low dependency,"Low seasonality, weekday/weekend variation only",Competition from larger chains; Dependence on single supplier,Local construction/real estate activity; Repeat customer rate
BUS00252,Kirana Store - Unit 0252,4.4,Retail - Walk-in,Self-sourced/in-house production,"Low seasonality, weekday/weekend variation only",Currency/import cost fluctuation; Delayed customer payments (B2B); Power/utility disruptions,Agricultural output in surrounding region; Local employment rate; Repeat customer rate
BUS00253,Vegetable Vendor - Unit 0253,20.3,B2B - Local Businesses,Diversified supplier base - low dependency,Stable year-round demand,Dependence on single supplier; Delayed customer payments (B2B); High employee attrition,Social media engagement/reviews; Competitor density in radius
BUS00254,Fitness Studio - Unit 0254,26.3,Retail - Repeat/Loyalty,Diversified supplier base - low dependency,Harvest-season dependent,Raw material price volatility; High employee attrition,Local employment rate; Repeat customer rate
BUS00255,Print & Copy Shop - Unit 0255,26.1,Institutional (Schools/Offices),Import-dependent supply chain,Summer peak (Apr-Jun),Raw material price volatility; Seasonal cash flow gaps,Local population growth; Average transaction value trend
BUS00256,Stationery Shop - Unit 0256,20.1,Institutional (Schools/Offices),2-3 suppliers - moderate dependency,Wedding season peak (Nov-Feb),Limited access to working capital credit; Perishable inventory spoilage,Foot traffic count; Competitor density in radius
BUS00257,Event Planning Service - Unit 0257,9.1,Retail - Repeat/Loyalty,Diversified supplier base - low dependency,Stable year-round demand,Competition from larger chains; Delayed customer payments (B2B); Regulatory/licensing compliance burden,Average transaction value trend; Local construction/real estate activity
BUS00258,Electronics Retailer - Unit 0258,6,Retail - Repeat/Loyalty,Seasonal supplier contracts,Stable year-round demand,Limited access to working capital credit; Delayed customer payments (B2B),Foot traffic count; Agricultural output in surrounding region
BUS00259,Bakery - Unit 0259,0.5,Wholesale Bulk Buyers,2-3 suppliers - moderate dependency,Summer peak (Apr-Jun),Delayed customer payments (B2B); Currency/import cost fluctuation,Online order volume trend; Competitor density in radius; Agricultural output in surrounding region
BUS00260,Tutoring Center - Unit 0260,6.4,Retail - Repeat/Loyalty,Seasonal supplier contracts,Wedding season peak (Nov-Feb),Delayed customer payments (B2B); Currency/import cost fluctuation,Local population growth; Online order volume trend
BUS00261,Event Planning Service - Unit 0261,23.9,Wholesale Bulk Buyers,Single supplier - high dependency,Year-end/New Year spike,Perishable inventory spoilage; Regulatory/licensing compliance burden; Dependence on single supplier,Foot traffic count; Competitor density in radius; Online order volume trend
BUS00262,Dairy & Milk Supplier - Unit 0262,27.8,B2B - Regional Distributors,Self-sourced/in-house production,Wedding season peak (Nov-Feb),High employee attrition; Delayed customer payments (B2B); Limited access to working capital credit,Foot traffic count; Local employment rate
BUS00263,Kirana Store - Unit 0263,3,Retail - Walk-in,Diversified supplier base - low dependency,High demand Oct-Dec (festive season),Limited access to working capital credit; Perishable inventory spoilage; Dependence on single supplier,Social media engagement/reviews; Online order volume trend
BUS00264,Tutoring Center - Unit 0264,17.8,B2B - Local Businesses,Import-dependent supply chain,"Back-to-school peak (Jun, Jan)",Raw material price volatility; High employee attrition,Agricultural output in surrounding region; Competitor density in radius; Average transaction value trend
BUS00265,Laundry Service - Unit 0265,1,Government/Institutional Contracts,2-3 suppliers - moderate dependency,Harvest-season dependent,Logistics and last-mile delivery cost; Limited access to working capital credit,Local employment rate; School/college enrollment nearby
BUS00266,Salon & Spa - Unit 0266,2.8,Online/E-commerce,Self-sourced/in-house production,Wedding season peak (Nov-Feb),Competition from larger chains; Perishable inventory spoilage; High employee attrition,Online order volume trend; Local population growth
BUS00267,Photography Studio - Unit 0267,21.1,Retail - Repeat/Loyalty,2-3 suppliers - moderate dependency,Year-end/New Year spike,Regulatory/licensing compliance burden; Power/utility disruptions; Dependence on single supplier,Online order volume trend; Average transaction value trend; Seasonal festival calendar
BUS00268,Print & Copy Shop - Unit 0268,5.7,Retail - Repeat/Loyalty,2-3 suppliers - moderate dependency,"Back-to-school peak (Jun, Jan)",High employee attrition; Regulatory/licensing compliance burden,Repeat customer rate; Online order volume trend
BUS00269,Stationery Shop - Unit 0269,10.1,Institutional (Schools/Offices),Diversified supplier base - low dependency,Summer peak (Apr-Jun),Power/utility disruptions; Competition from larger chains,Repeat customer rate; Average transaction value trend
BUS00270,Auto Repair Shop - Unit 0270,1.7,Retail - Walk-in,2-3 suppliers - moderate dependency,Summer peak (Apr-Jun),Power/utility disruptions; Regulatory/licensing compliance burden,Local construction/real estate activity; Agricultural output in surrounding region
BUS00271,Hardware Store - Unit 0271,0.8,Retail - Repeat/Loyalty,2-3 suppliers - moderate dependency,Year-end/New Year spike,Dependence on single supplier; Regulatory/licensing compliance burden,Foot traffic count; Average transaction value trend
BUS00272,Pharmacy - Unit 0272,2.3,Wholesale Bulk Buyers,Import-dependent supply chain,Harvest-season dependent,Raw material price volatility; Power/utility disruptions; Currency/import cost fluctuation,Competitor density in radius; Online order volume trend
BUS00273,Handicraft Exporter - Unit 0273,1.8,Mixed Retail & Wholesale,2-3 suppliers - moderate dependency,High demand Oct-Dec (festive season),Currency/import cost fluctuation; Perishable inventory spoilage,Local employment rate; Social media engagement/reviews; Average transaction value trend
BUS00274,Pharmacy - Unit 0274,0.9,B2B - Local Businesses,Self-sourced/in-house production,Monsoon-dependent (Jun-Sep),Currency/import cost fluctuation; Delayed customer payments (B2B),Local employment rate; Competitor density in radius
BUS00275,Mobile Repair Shop - Unit 0275,22.3,Online/E-commerce,Seasonal supplier contracts,"Low seasonality, weekday/weekend variation only",Power/utility disruptions; Perishable inventory spoilage; Seasonal cash flow gaps,Competitor density in radius; Local construction/real estate activity
BUS00276,Bakery - Unit 0276,0.6,Institutional (Schools/Offices),Single supplier - high dependency,Year-end/New Year spike,Logistics and last-mile delivery cost; High employee attrition; Seasonal cash flow gaps,Online order volume trend; School/college enrollment nearby
BUS00277,Bakery - Unit 0277,5.1,Retail - Walk-in,2-3 suppliers - moderate dependency,Harvest-season dependent,Seasonal cash flow gaps; Limited access to working capital credit; High employee attrition,Agricultural output in surrounding region; Competitor density in radius; Local construction/real estate activity
BUS00278,Kirana Store - Unit 0278,8.3,B2B - Local Businesses,Seasonal supplier contracts,Monsoon-dependent (Jun-Sep),Delayed customer payments (B2B); Perishable inventory spoilage; Seasonal cash flow gaps,Foot traffic count; Repeat customer rate; Agricultural output in surrounding region
BUS00279,Bakery - Unit 0279,22.2,Government/Institutional Contracts,Self-sourced/in-house production,High demand Oct-Dec (festive season),Logistics and last-mile delivery cost; High employee attrition; Seasonal cash flow gaps,Agricultural output in surrounding region; Local population growth; Competitor density in radius
BUS00280,Pharmacy - Unit 0280,0.4,B2B - Local Businesses,Single supplier - high dependency,"Low seasonality, weekday/weekend variation only",Dependence on single supplier; Regulatory/licensing compliance burden; Power/utility disruptions,Competitor density in radius; Seasonal festival calendar
BUS00281,Furniture Store - Unit 0281,2.4,Wholesale Bulk Buyers,Import-dependent supply chain,Year-end/New Year spike,Seasonal cash flow gaps; Delayed customer payments (B2B); Logistics and last-mile delivery cost,Online order volume trend; School/college enrollment nearby; Local construction/real estate activity
BUS00282,Agri Input Dealer - Unit 0282,1.9,Institutional (Schools/Offices),2-3 suppliers - moderate dependency,Summer peak (Apr-Jun),Limited access to working capital credit; Logistics and last-mile delivery cost,Local construction/real estate activity; Foot traffic count; Local population growth
BUS00283,Cafe - Unit 0283,8.2,B2B - Regional Distributors,Import-dependent supply chain,Stable year-round demand,Seasonal cash flow gaps; Regulatory/licensing compliance burden; Dependence on single supplier,Competitor density in radius; Agricultural output in surrounding region
BUS00284,Electronics Retailer - Unit 0284,1.1,Online/E-commerce,Self-sourced/in-house production,High demand Oct-Dec (festive season),High employee attrition; Limited access to working capital credit; Dependence on single supplier,Seasonal festival calendar; Repeat customer rate; Foot traffic count
BUS00285,Pharmacy - Unit 0285,9.8,Wholesale Bulk Buyers,2-3 suppliers - moderate dependency,Harvest-season dependent,Power/utility disruptions; Regulatory/licensing compliance burden; Delayed customer payments (B2B),Repeat customer rate; Average transaction value trend; Local construction/real estate activity
BUS00286,Vegetable Vendor - Unit 0286,2.6,Retail - Repeat/Loyalty,Single supplier - high dependency,"Back-to-school peak (Jun, Jan)",Regulatory/licensing compliance burden; Perishable inventory spoilage,Repeat customer rate; Competitor density in radius
BUS00287,Electronics Retailer - Unit 0287,8.6,Retail - Repeat/Loyalty,Seasonal supplier contracts,Stable year-round demand,Logistics and last-mile delivery cost; Limited access to working capital credit; Competition from larger chains,Local employment rate; School/college enrollment nearby
BUS00288,Electronics Retailer - Unit 0288,28.9,B2B - Local Businesses,Single supplier - high dependency,Stable year-round demand,High employee attrition; Limited access to working capital credit; Power/utility disruptions,School/college enrollment nearby; Seasonal festival calendar; Agricultural output in surrounding region
BUS00289,Bakery - Unit 0289,0.8,Government/Institutional Contracts,Self-sourced/in-house production,Summer peak (Apr-Jun),Regulatory/licensing compliance burden; Raw material price volatility,Repeat customer rate; Seasonal festival calendar; Local construction/real estate activity
BUS00290,Mobile Repair Shop - Unit 0290,2.5,B2B - Regional Distributors,2-3 suppliers - moderate dependency,"Back-to-school peak (Jun, Jan)",Competition from larger chains; Dependence on single supplier,Local employment rate; Average transaction value trend; School/college enrollment nearby
BUS00291,Packaging Unit - Unit 0291,4.2,Government/Institutional Contracts,Self-sourced/in-house production,Summer peak (Apr-Jun),Power/utility disruptions; Regulatory/licensing compliance burden; Seasonal cash flow gaps,Foot traffic count; Seasonal festival calendar; Average transaction value trend
BUS00292,Print & Copy Shop - Unit 0292,4.5,Institutional (Schools/Offices),Seasonal supplier contracts,High demand Oct-Dec (festive season),Limited access to working capital credit; Currency/import cost fluctuation,Repeat customer rate; School/college enrollment nearby
BUS00293,Stationery Shop - Unit 0293,19.3,B2B - Regional Distributors,Seasonal supplier contracts,High demand Oct-Dec (festive season),Delayed customer payments (B2B); Power/utility disruptions; Limited access to working capital credit,Local construction/real estate activity; Online order volume trend; Average transaction value trend
BUS00294,Dairy & Milk Supplier - Unit 0294,1,Retail - Walk-in,Seasonal supplier contracts,"Low seasonality, weekday/weekend variation only",Dependence on single supplier; Competition from larger chains,Local population growth; Online order volume trend
BUS00295,Event Planning Service - Unit 0295,2.6,Wholesale Bulk Buyers,Single supplier - high dependency,Harvest-season dependent,Currency/import cost fluctuation; Seasonal cash flow gaps,Competitor density in radius; Repeat customer rate; School/college enrollment nearby
BUS00296,Fitness Studio - Unit 0296,19.2,Online/E-commerce,Diversified supplier base - low dependency,"Low seasonality, weekday/weekend variation only",Raw material price volatility; Logistics and last-mile delivery cost; Currency/import cost fluctuation,Repeat customer rate; Local employment rate; Local population growth
BUS00297,Salon & Spa - Unit 0297,25.9,Retail - Repeat/Loyalty,Single supplier - high dependency,Stable year-round demand,Delayed customer payments (B2B); Regulatory/licensing compliance burden; Power/utility disruptions,Local employment rate; School/college enrollment nearby; Average transaction value trend
BUS00298,Bookstore - Unit 0298,24.7,B2B - Local Businesses,Diversified supplier base - low dependency,Harvest-season dependent,Logistics and last-mile delivery cost; Limited access to working capital credit,Foot traffic count; Local employment rate; Competitor density in radius
BUS00299,Cloud Kitchen - Unit 0299,2.5,Mixed Retail & Wholesale,Diversified supplier base - low dependency,Wedding season peak (Nov-Feb),Regulatory/licensing compliance burden; Perishable inventory spoilage,Seasonal festival calendar; Average transaction value trend; Repeat customer rate
BUS00300,Plastic Goods Manufacturer - Unit 0300,2.6,Mixed Retail & Wholesale,Diversified supplier base - low dependency,"Back-to-school peak (Jun, Jan)",Logistics and last-mile delivery cost; Currency/import cost fluctuation; Dependence on single supplier,Average transaction value trend; Online order volume trend
BUS00301,Handicraft Exporter - Unit 0301,11,Government/Institutional Contracts,Diversified supplier base - low dependency,High demand Oct-Dec (festive season),Dependence on single supplier; Perishable inventory spoilage,Local population growth; Social media engagement/reviews; Local construction/real estate activity
BUS00302,Kirana Store - Unit 0302,1.8,B2B - Regional Distributors,Single supplier - high dependency,Monsoon-dependent (Jun-Sep),Competition from larger chains; Raw material price volatility,Agricultural output in surrounding region; Online order volume trend; Seasonal festival calendar
BUS00303,Stationery Shop - Unit 0303,15,Retail - Repeat/Loyalty,Import-dependent supply chain,High demand Oct-Dec (festive season),Regulatory/licensing compliance burden; Competition from larger chains,Local population growth; Average transaction value trend; Local construction/real estate activity
BUS00304,Textile Manufacturer - Unit 0304,6.6,Institutional (Schools/Offices),Import-dependent supply chain,Stable year-round demand,Raw material price volatility; Power/utility disruptions; Limited access to working capital credit,Local construction/real estate activity; Online order volume trend
BUS00305,Plastic Goods Manufacturer - Unit 0305,3.2,B2B - Regional Distributors,Diversified supplier base - low dependency,Harvest-season dependent,Currency/import cost fluctuation; Raw material price volatility,Local population growth; School/college enrollment nearby; Agricultural output in surrounding region
BUS00306,Cafe - Unit 0306,0.4,Institutional (Schools/Offices),Import-dependent supply chain,"Back-to-school peak (Jun, Jan)",Power/utility disruptions; Regulatory/licensing compliance burden; Competition from larger chains,Online order volume trend; Average transaction value trend; Seasonal festival calendar
BUS00307,Sweet Shop - Unit 0307,22.6,Wholesale Bulk Buyers,Seasonal supplier contracts,Stable year-round demand,Delayed customer payments (B2B); Currency/import cost fluctuation,Social media engagement/reviews; School/college enrollment nearby; Local construction/real estate activity
BUS00308,Cafe - Unit 0308,4.6,Retail - Repeat/Loyalty,Self-sourced/in-house production,Stable year-round demand,Perishable inventory spoilage; Currency/import cost fluctuation; Regulatory/licensing compliance burden,Seasonal festival calendar; School/college enrollment nearby; Agricultural output in surrounding region
BUS00309,Clothing Boutique - Unit 0309,2,B2B - Regional Distributors,Single supplier - high dependency,Harvest-season dependent,Currency/import cost fluctuation; Seasonal cash flow gaps; Raw material price volatility,Seasonal festival calendar; Agricultural output in surrounding region; Local employment rate
BUS00310,Fitness Studio - Unit 0310,10.9,B2B - Regional Distributors,Diversified supplier base - low dependency,Monsoon-dependent (Jun-Sep),Currency/import cost fluctuation; Regulatory/licensing compliance burden; Delayed customer payments (B2B),Local population growth; School/college enrollment nearby; Social media engagement/reviews
BUS00311,Electronics Retailer - Unit 0311,4.2,B2B - Local Businesses,Import-dependent supply chain,"Back-to-school peak (Jun, Jan)",Currency/import cost fluctuation; Regulatory/licensing compliance burden,Online order volume trend; Competitor density in radius
BUS00312,Bakery - Unit 0312,4.8,Online/E-commerce,Diversified supplier base - low dependency,"Back-to-school peak (Jun, Jan)",Competition from larger chains; Dependence on single supplier; Limited access to working capital credit,School/college enrollment nearby; Local construction/real estate activity
BUS00313,Bookstore - Unit 0313,20.7,B2B - Regional Distributors,Seasonal supplier contracts,Stable year-round demand,Delayed customer payments (B2B); Perishable inventory spoilage; Power/utility disruptions,Local population growth; Agricultural output in surrounding region
BUS00314,Clothing Boutique - Unit 0314,6.7,Mixed Retail & Wholesale,2-3 suppliers - moderate dependency,Wedding season peak (Nov-Feb),Dependence on single supplier; Competition from larger chains,School/college enrollment nearby; Local population growth; Competitor density in radius
BUS00315,Vegetable Vendor - Unit 0315,0.4,Institutional (Schools/Offices),2-3 suppliers - moderate dependency,Summer peak (Apr-Jun),Competition from larger chains; Dependence on single supplier,Local construction/real estate activity; Local employment rate
BUS00316,Vegetable Vendor - Unit 0316,9.6,Mixed Retail & Wholesale,Self-sourced/in-house production,High demand Oct-Dec (festive season),Delayed customer payments (B2B); High employee attrition,Foot traffic count; Competitor density in radius; Social media engagement/reviews
BUS00317,Clothing Boutique - Unit 0317,0.5,B2B - Regional Distributors,2-3 suppliers - moderate dependency,Wedding season peak (Nov-Feb),Seasonal cash flow gaps; Dependence on single supplier; Power/utility disruptions,Local population growth; Repeat customer rate; Foot traffic count
BUS00318,Dairy & Milk Supplier - Unit 0318,4.9,Government/Institutional Contracts,Seasonal supplier contracts,"Low seasonality, weekday/weekend variation only",Power/utility disruptions; Currency/import cost fluctuation; Seasonal cash flow gaps,Average transaction value trend; Competitor density in radius; Online order volume trend
BUS00319,Electronics Retailer - Unit 0319,8.1,B2B - Regional Distributors,Import-dependent supply chain,Summer peak (Apr-Jun),Limited access to working capital credit; Raw material price volatility,Repeat customer rate; Competitor density in radius
BUS00320,Cloud Kitchen - Unit 0320,0.5,Institutional (Schools/Offices),Seasonal supplier contracts,High demand Oct-Dec (festive season),Currency/import cost fluctuation; Dependence on single supplier,Foot traffic count; Repeat customer rate
BUS00321,Tutoring Center - Unit 0321,14.3,Government/Institutional Contracts,Diversified supplier base - low dependency,Year-end/New Year spike,High employee attrition; Currency/import cost fluctuation,Seasonal festival calendar; Local employment rate
BUS00322,Sweet Shop - Unit 0322,1.1,Institutional (Schools/Offices),Seasonal supplier contracts,Summer peak (Apr-Jun),Dependence on single supplier; Delayed customer payments (B2B); Logistics and last-mile delivery cost,Seasonal festival calendar; Repeat customer rate
BUS00323,Event Planning Service - Unit 0323,1,B2B - Regional Distributors,Diversified supplier base - low dependency,"Low seasonality, weekday/weekend variation only",Regulatory/licensing compliance burden; Power/utility disruptions,Local population growth; Foot traffic count; Social media engagement/reviews
BUS00324,Mobile Repair Shop - Unit 0324,3.2,Mixed Retail & Wholesale,Diversified supplier base - low dependency,Monsoon-dependent (Jun-Sep),Raw material price volatility; Currency/import cost fluctuation,Repeat customer rate; Local construction/real estate activity
BUS00325,Sweet Shop - Unit 0325,12.9,Retail - Repeat/Loyalty,Seasonal supplier contracts,Stable year-round demand,Perishable inventory spoilage; Currency/import cost fluctuation,Average transaction value trend; Seasonal festival calendar
BUS00326,Hardware Store - Unit 0326,12.3,B2B - Local Businesses,Single supplier - high dependency,"Back-to-school peak (Jun, Jan)",Currency/import cost fluctuation; Regulatory/licensing compliance burden; Power/utility disruptions,Repeat customer rate; Foot traffic count
BUS00327,Kirana Store - Unit 0327,2.1,B2B - Local Businesses,Diversified supplier base - low dependency,Wedding season peak (Nov-Feb),Logistics and last-mile delivery cost; Perishable inventory spoilage; Dependence on single supplier,Competitor density in radius; Local population growth; Repeat customer rate
BUS00328,Fitness Studio - Unit 0328,11.8,Institutional (Schools/Offices),Self-sourced/in-house production,Year-end/New Year spike,Currency/import cost fluctuation; Seasonal cash flow gaps; Dependence on single supplier,Agricultural output in surrounding region; Foot traffic count
BUS00329,Plastic Goods Manufacturer - Unit 0329,1.7,Mixed Retail & Wholesale,Seasonal supplier contracts,Year-end/New Year spike,Logistics and last-mile delivery cost; Power/utility disruptions,Local construction/real estate activity; Foot traffic count; Local population growth
BUS00330,Mobile Repair Shop - Unit 0330,12.7,Wholesale Bulk Buyers,Self-sourced/in-house production,High demand Oct-Dec (festive season),Perishable inventory spoilage; Currency/import cost fluctuation,Foot traffic count; School/college enrollment nearby; Social media engagement/reviews
BUS00331,Photography Studio - Unit 0331,27.2,B2B - Regional Distributors,Import-dependent supply chain,Wedding season peak (Nov-Feb),Power/utility disruptions; Currency/import cost fluctuation,Average transaction value trend; Competitor density in radius
BUS00332,Sweet Shop - Unit 0332,8.6,Government/Institutional Contracts,Seasonal supplier contracts,High demand Oct-Dec (festive season),Currency/import cost fluctuation; Seasonal cash flow gaps,Average transaction value trend; Local population growth; Repeat customer rate
BUS00333,Photography Studio - Unit 0333,13.9,Online/E-commerce,Diversified supplier base - low dependency,High demand Oct-Dec (festive season),Delayed customer payments (B2B); Currency/import cost fluctuation,Local employment rate; Online order volume trend; Repeat customer rate
BUS00334,Print & Copy Shop - Unit 0334,16.8,Mixed Retail & Wholesale,Single supplier - high dependency,Year-end/New Year spike,Regulatory/licensing compliance burden; Dependence on single supplier; Competition from larger chains,Repeat customer rate; Local employment rate
BUS00335,Tutoring Center - Unit 0335,0.5,Retail - Walk-in,Single supplier - high dependency,"Back-to-school peak (Jun, Jan)",Currency/import cost fluctuation; Limited access to working capital credit,Competitor density in radius; Agricultural output in surrounding region; Foot traffic count
BUS00336,Agri Input Dealer - Unit 0336,3.4,Online/E-commerce,Seasonal supplier contracts,Year-end/New Year spike,Limited access to working capital credit; Competition from larger chains; Dependence on single supplier,School/college enrollment nearby; Online order volume trend
BUS00337,Kirana Store - Unit 0337,6.6,Institutional (Schools/Offices),Seasonal supplier contracts,"Low seasonality, weekday/weekend variation only",Limited access to working capital credit; Dependence on single supplier; Raw material price volatility,Average transaction value trend; Local population growth
BUS00338,Agri Input Dealer - Unit 0338,8.4,B2B - Regional Distributors,2-3 suppliers - moderate dependency,Stable year-round demand,High employee attrition; Competition from larger chains; Limited access to working capital credit,Repeat customer rate; Local employment rate; Foot traffic count
BUS00339,Handicraft Exporter - Unit 0339,21.2,Mixed Retail & Wholesale,Self-sourced/in-house production,"Low seasonality, weekday/weekend variation only",Competition from larger chains; Raw material price volatility,Social media engagement/reviews; Local employment rate
BUS00340,Agri Input Dealer - Unit 0340,24.8,Government/Institutional Contracts,2-3 suppliers - moderate dependency,Summer peak (Apr-Jun),Dependence on single supplier; Power/utility disruptions,Social media engagement/reviews; Local employment rate; School/college enrollment nearby
BUS00341,Cafe - Unit 0341,2.7,Online/E-commerce,Diversified supplier base - low dependency,Year-end/New Year spike,Seasonal cash flow gaps; Power/utility disruptions,Agricultural output in surrounding region; Social media engagement/reviews; Competitor density in radius
BUS00342,Cloud Kitchen - Unit 0342,21.1,B2B - Regional Distributors,2-3 suppliers - moderate dependency,"Back-to-school peak (Jun, Jan)",Currency/import cost fluctuation; Seasonal cash flow gaps; Limited access to working capital credit,Agricultural output in surrounding region; Repeat customer rate; Competitor density in radius
BUS00343,Textile Manufacturer - Unit 0343,15.5,Wholesale Bulk Buyers,Import-dependent supply chain,"Low seasonality, weekday/weekend variation only",Power/utility disruptions; Raw material price volatility; Delayed customer payments (B2B),Foot traffic count; Local employment rate
BUS00344,Salon & Spa - Unit 0344,0.5,B2B - Regional Distributors,Diversified supplier base - low dependency,Summer peak (Apr-Jun),Currency/import cost fluctuation; Perishable inventory spoilage; Seasonal cash flow gaps,Agricultural output in surrounding region; Seasonal festival calendar
BUS00345,Clothing Boutique - Unit 0345,16.3,Mixed Retail & Wholesale,Single supplier - high dependency,"Low seasonality, weekday/weekend variation only",Limited access to working capital credit; Currency/import cost fluctuation,Online order volume trend; Social media engagement/reviews; Seasonal festival calendar
BUS00346,Cloud Kitchen - Unit 0346,0.6,Wholesale Bulk Buyers,Self-sourced/in-house production,Wedding season peak (Nov-Feb),Raw material price volatility; Perishable inventory spoilage,Local construction/real estate activity; Average transaction value trend
BUS00347,Agri Input Dealer - Unit 0347,3.5,Online/E-commerce,Seasonal supplier contracts,"Low seasonality, weekday/weekend variation only",Limited access to working capital credit; High employee attrition,Average transaction value trend; Local population growth; Repeat customer rate
BUS00348,Electronics Retailer - Unit 0348,2.2,Retail - Repeat/Loyalty,Self-sourced/in-house production,High demand Oct-Dec (festive season),Perishable inventory spoilage; Delayed customer payments (B2B); Limited access to working capital credit,Local population growth; Local construction/real estate activity
BUS00349,Plastic Goods Manufacturer - Unit 0349,4,Mixed Retail & Wholesale,Import-dependent supply chain,Summer peak (Apr-Jun),Seasonal cash flow gaps; Regulatory/licensing compliance burden,School/college enrollment nearby; Local construction/real estate activity
BUS00350,Agri Input Dealer - Unit 0350,5,Government/Institutional Contracts,Diversified supplier base - low dependency,Stable year-round demand,Delayed customer payments (B2B); High employee attrition; Seasonal cash flow gaps,Social media engagement/reviews; Local population growth
BUS00351,Tutoring Center - Unit 0351,20.3,Retail - Repeat/Loyalty,Diversified supplier base - low dependency,Monsoon-dependent (Jun-Sep),Currency/import cost fluctuation; Regulatory/licensing compliance burden,Competitor density in radius; Seasonal festival calendar; Online order volume trend
BUS00352,Photography Studio - Unit 0352,25.3,Government/Institutional Contracts,Import-dependent supply chain,High demand Oct-Dec (festive season),Currency/import cost fluctuation; Regulatory/licensing compliance burden,Online order volume trend; School/college enrollment nearby; Local construction/real estate activity
BUS00353,Handicraft Exporter - Unit 0353,22.4,Retail - Walk-in,Import-dependent supply chain,Wedding season peak (Nov-Feb),Dependence on single supplier; Power/utility disruptions; Perishable inventory spoilage,Foot traffic count; Social media engagement/reviews; Competitor density in radius
BUS00354,Grocery Wholesaler - Unit 0354,19.6,Retail - Walk-in,Diversified supplier base - low dependency,Monsoon-dependent (Jun-Sep),Delayed customer payments (B2B); Dependence on single supplier; Currency/import cost fluctuation,Social media engagement/reviews; Agricultural output in surrounding region
BUS00355,Kirana Store - Unit 0355,0.9,B2B - Regional Distributors,Import-dependent supply chain,Harvest-season dependent,High employee attrition; Delayed customer payments (B2B),School/college enrollment nearby; Repeat customer rate; Local population growth
BUS00356,Kirana Store - Unit 0356,16.3,Retail - Walk-in,Single supplier - high dependency,Stable year-round demand,Seasonal cash flow gaps; Perishable inventory spoilage,Local construction/real estate activity; Online order volume trend
BUS00357,Handicraft Exporter - Unit 0357,4.8,Mixed Retail & Wholesale,Import-dependent supply chain,Harvest-season dependent,Regulatory/licensing compliance burden; Raw material price volatility; Power/utility disruptions,Social media engagement/reviews; Foot traffic count
BUS00358,Vegetable Vendor - Unit 0358,20.6,Retail - Walk-in,Import-dependent supply chain,Stable year-round demand,Delayed customer payments (B2B); Dependence on single supplier; Perishable inventory spoilage,Local construction/real estate activity; Repeat customer rate; Seasonal festival calendar
BUS00359,Photography Studio - Unit 0359,14.3,Retail - Walk-in,Self-sourced/in-house production,Summer peak (Apr-Jun),Seasonal cash flow gaps; Power/utility disruptions,School/college enrollment nearby; Local population growth; Seasonal festival calendar
BUS00360,Sweet Shop - Unit 0360,8.3,Retail - Walk-in,Seasonal supplier contracts,"Low seasonality, weekday/weekend variation only",Dependence on single supplier; Raw material price volatility,Local construction/real estate activity; Agricultural output in surrounding region
BUS00361,Fitness Studio - Unit 0361,20.4,Retail - Repeat/Loyalty,Diversified supplier base - low dependency,Monsoon-dependent (Jun-Sep),High employee attrition; Power/utility disruptions; Delayed customer payments (B2B),Local population growth; Agricultural output in surrounding region
BUS00362,Bakery - Unit 0362,28.3,B2B - Regional Distributors,Single supplier - high dependency,Summer peak (Apr-Jun),Delayed customer payments (B2B); Competition from larger chains,Seasonal festival calendar; School/college enrollment nearby
BUS00363,Restaurant - Unit 0363,4.2,Mixed Retail & Wholesale,Diversified supplier base - low dependency,Wedding season peak (Nov-Feb),Currency/import cost fluctuation; Limited access to working capital credit,Repeat customer rate; Seasonal festival calendar
BUS00364,Cafe - Unit 0364,1.2,Online/E-commerce,Self-sourced/in-house production,Year-end/New Year spike,Logistics and last-mile delivery cost; Currency/import cost fluctuation; Perishable inventory spoilage,Local construction/real estate activity; Agricultural output in surrounding region
BUS00365,Stationery Shop - Unit 0365,8.3,B2B - Local Businesses,Single supplier - high dependency,Wedding season peak (Nov-Feb),High employee attrition; Currency/import cost fluctuation,Seasonal festival calendar; Competitor density in radius; Local population growth
BUS00366,Sweet Shop - Unit 0366,8.1,Mixed Retail & Wholesale,Self-sourced/in-house production,Wedding season peak (Nov-Feb),Competition from larger chains; Delayed customer payments (B2B); Dependence on single supplier,School/college enrollment nearby; Local construction/real estate activity
BUS00367,Restaurant - Unit 0367,5.7,B2B - Local Businesses,Seasonal supplier contracts,Monsoon-dependent (Jun-Sep),Limited access to working capital credit; Currency/import cost fluctuation; Dependence on single supplier,Foot traffic count; Social media engagement/reviews
BUS00368,Vegetable Vendor - Unit 0368,0.6,Wholesale Bulk Buyers,Seasonal supplier contracts,Monsoon-dependent (Jun-Sep),Delayed customer payments (B2B); Perishable inventory spoilage,School/college enrollment nearby; Local population growth; Competitor density in radius
BUS00369,Fitness Studio - Unit 0369,3.5,Institutional (Schools/Offices),2-3 suppliers - moderate dependency,Year-end/New Year spike,Power/utility disruptions; Regulatory/licensing compliance burden,School/college enrollment nearby; Online order volume trend
BUS00370,Plastic Goods Manufacturer - Unit 0370,26.8,Government/Institutional Contracts,2-3 suppliers - moderate dependency,Year-end/New Year spike,Seasonal cash flow gaps; Logistics and last-mile delivery cost,Agricultural output in surrounding region; Average transaction value trend
BUS00371,Stationery Shop - Unit 0371,0.4,Mixed Retail & Wholesale,2-3 suppliers - moderate dependency,Stable year-round demand,Regulatory/licensing compliance burden; High employee attrition; Raw material price volatility,Social media engagement/reviews; Competitor density in radius
BUS00372,Fitness Studio - Unit 0372,17.5,Retail - Walk-in,Single supplier - high dependency,Wedding season peak (Nov-Feb),Limited access to working capital credit; Delayed customer payments (B2B),Agricultural output in surrounding region; Seasonal festival calendar; Local construction/real estate activity
BUS00373,Textile Manufacturer - Unit 0373,21.7,Wholesale Bulk Buyers,Diversified supplier base - low dependency,Stable year-round demand,Power/utility disruptions; High employee attrition; Delayed customer payments (B2B),Competitor density in radius; Agricultural output in surrounding region; Average transaction value trend
BUS00374,Event Planning Service - Unit 0374,17.3,Retail - Walk-in,Seasonal supplier contracts,Summer peak (Apr-Jun),Seasonal cash flow gaps; High employee attrition; Dependence on single supplier,Online order volume trend; Local population growth; School/college enrollment nearby
BUS00375,Electronics Retailer - Unit 0375,7.3,Retail - Repeat/Loyalty,Import-dependent supply chain,Monsoon-dependent (Jun-Sep),Regulatory/licensing compliance burden; Dependence on single supplier; Competition from larger chains,Average transaction value trend; Online order volume trend; Local construction/real estate activity
BUS00376,Electronics Retailer - Unit 0376,8.1,Retail - Walk-in,2-3 suppliers - moderate dependency,Summer peak (Apr-Jun),Currency/import cost fluctuation; Delayed customer payments (B2B),Local construction/real estate activity; Local population growth
BUS00377,Pharmacy - Unit 0377,1.8,B2B - Local Businesses,Seasonal supplier contracts,Harvest-season dependent,Limited access to working capital credit; Currency/import cost fluctuation,Repeat customer rate; Online order volume trend; Average transaction value trend
BUS00378,Cafe - Unit 0378,17.2,B2B - Local Businesses,2-3 suppliers - moderate dependency,Harvest-season dependent,Logistics and last-mile delivery cost; Seasonal cash flow gaps,Local population growth; School/college enrollment nearby; Competitor density in radius
BUS00379,Handicraft Exporter - Unit 0379,15.6,Retail - Repeat/Loyalty,2-3 suppliers - moderate dependency,Harvest-season dependent,Seasonal cash flow gaps; Dependence on single supplier; Raw material price volatility,Social media engagement/reviews; Agricultural output in surrounding region
BUS00380,Sweet Shop - Unit 0380,11.3,Retail - Repeat/Loyalty,2-3 suppliers - moderate dependency,Year-end/New Year spike,Delayed customer payments (B2B); Limited access to working capital credit,Repeat customer rate; Average transaction value trend
BUS00381,Sweet Shop - Unit 0381,2.3,Government/Institutional Contracts,Single supplier - high dependency,Harvest-season dependent,Regulatory/licensing compliance burden; Raw material price volatility; Delayed customer payments (B2B),Online order volume trend; Average transaction value trend; Local employment rate
BUS00382,Stationery Shop - Unit 0382,28,Retail - Repeat/Loyalty,Self-sourced/in-house production,Summer peak (Apr-Jun),Competition from larger chains; High employee attrition; Dependence on single supplier,Local construction/real estate activity; Social media engagement/reviews; Local employment rate
BUS00383,Hardware Store - Unit 0383,2.4,Retail - Walk-in,Seasonal supplier contracts,"Low seasonality, weekday/weekend variation only",Delayed customer payments (B2B); Raw material price volatility,School/college enrollment nearby; Online order volume trend; Competitor density in radius
BUS00384,Tutoring Center - Unit 0384,5.9,Wholesale Bulk Buyers,Import-dependent supply chain,"Back-to-school peak (Jun, Jan)",Delayed customer payments (B2B); Power/utility disruptions; Logistics and last-mile delivery cost,Local construction/real estate activity; Seasonal festival calendar; Local employment rate
BUS00385,Photography Studio - Unit 0385,2.9,Government/Institutional Contracts,Self-sourced/in-house production,Summer peak (Apr-Jun),Delayed customer payments (B2B); Limited access to working capital credit; Competition from larger chains,Seasonal festival calendar; Local construction/real estate activity; Competitor density in radius
BUS00386,Photography Studio - Unit 0386,10.9,Retail - Repeat/Loyalty,Import-dependent supply chain,Monsoon-dependent (Jun-Sep),Limited access to working capital credit; Seasonal cash flow gaps; Dependence on single supplier,Social media engagement/reviews; Local employment rate
BUS00387,Event Planning Service - Unit 0387,7.8,Retail - Walk-in,2-3 suppliers - moderate dependency,Harvest-season dependent,Dependence on single supplier; Seasonal cash flow gaps,Local construction/real estate activity; Local employment rate; Repeat customer rate
BUS00388,Restaurant - Unit 0388,4.4,Retail - Repeat/Loyalty,Seasonal supplier contracts,High demand Oct-Dec (festive season),Power/utility disruptions; Logistics and last-mile delivery cost; Delayed customer payments (B2B),Agricultural output in surrounding region; Local construction/real estate activity; Foot traffic count
BUS00389,Photography Studio - Unit 0389,2.1,Mixed Retail & Wholesale,Single supplier - high dependency,Monsoon-dependent (Jun-Sep),High employee attrition; Raw material price volatility; Logistics and last-mile delivery cost,Local construction/real estate activity; Local population growth
BUS00390,Sweet Shop - Unit 0390,0.5,Retail - Walk-in,2-3 suppliers - moderate dependency,Stable year-round demand,Power/utility disruptions; Regulatory/licensing compliance burden; Limited access to working capital credit,Local construction/real estate activity; Online order volume trend; Social media engagement/reviews
BUS00391,Kirana Store - Unit 0391,1.2,Government/Institutional Contracts,Diversified supplier base - low dependency,"Low seasonality, weekday/weekend variation only",Regulatory/licensing compliance burden; Perishable inventory spoilage; High employee attrition,Average transaction value trend; Local employment rate
BUS00392,Bookstore - Unit 0392,0.5,Wholesale Bulk Buyers,Seasonal supplier contracts,Stable year-round demand,Delayed customer payments (B2B); Perishable inventory spoilage,Repeat customer rate; Social media engagement/reviews; Seasonal festival calendar
BUS00393,Packaging Unit - Unit 0393,22.5,Institutional (Schools/Offices),Import-dependent supply chain,Year-end/New Year spike,Logistics and last-mile delivery cost; Competition from larger chains; High employee attrition,Average transaction value trend; School/college enrollment nearby; Agricultural output in surrounding region
BUS00394,Packaging Unit - Unit 0394,28.6,Mixed Retail & Wholesale,Single supplier - high dependency,"Back-to-school peak (Jun, Jan)",Power/utility disruptions; Currency/import cost fluctuation,School/college enrollment nearby; Online order volume trend
BUS00395,Event Planning Service - Unit 0395,6.8,Online/E-commerce,Seasonal supplier contracts,"Low seasonality, weekday/weekend variation only",Limited access to working capital credit; Perishable inventory spoilage,Seasonal festival calendar; Repeat customer rate
BUS00396,Fitness Studio - Unit 0396,5.8,B2B - Local Businesses,Self-sourced/in-house production,Wedding season peak (Nov-Feb),High employee attrition; Logistics and last-mile delivery cost; Perishable inventory spoilage,Agricultural output in surrounding region; School/college enrollment nearby
BUS00397,Handicraft Exporter - Unit 0397,3,B2B - Regional Distributors,2-3 suppliers - moderate dependency,Monsoon-dependent (Jun-Sep),High employee attrition; Limited access to working capital credit; Currency/import cost fluctuation,Local construction/real estate activity; Competitor density in radius
BUS00398,Salon & Spa - Unit 0398,0.8,Retail - Repeat/Loyalty,Import-dependent supply chain,Year-end/New Year spike,Delayed customer payments (B2B); Raw material price volatility,Competitor density in radius; Local construction/real estate activity; Agricultural output in surrounding region
BUS00399,Mobile Repair Shop - Unit 0399,28.7,Mixed Retail & Wholesale,2-3 suppliers - moderate dependency,"Low seasonality, weekday/weekend variation only",Power/utility disruptions; High employee attrition; Logistics and last-mile delivery cost,Foot traffic count; Social media engagement/reviews
BUS00400,Event Planning Service - Unit 0400,9.9,Government/Institutional Contracts,Single supplier - high dependency,"Low seasonality, weekday/weekend variation only",Power/utility disruptions; Currency/import cost fluctuation; Seasonal cash flow gaps,Repeat customer rate; Social media engagement/reviews; Average transaction value trend
BUS00401,Furniture Store - Unit 0401,0.4,B2B - Regional Distributors,Self-sourced/in-house production,Stable year-round demand,Regulatory/licensing compliance burden; Logistics and last-mile delivery cost; Perishable inventory spoilage,Social media engagement/reviews; Seasonal festival calendar
BUS00402,Bakery - Unit 0402,4.9,Online/E-commerce,Diversified supplier base - low dependency,Summer peak (Apr-Jun),Power/utility disruptions; High employee attrition; Limited access to working capital credit,Competitor density in radius; Local employment rate; Seasonal festival calendar
BUS00403,Print & Copy Shop - Unit 0403,2.1,B2B - Regional Distributors,Single supplier - high dependency,"Back-to-school peak (Jun, Jan)",Delayed customer payments (B2B); Power/utility disruptions,Online order volume trend; Local population growth; School/college enrollment nearby
BUS00404,Mobile Repair Shop - Unit 0404,0.4,Mixed Retail & Wholesale,2-3 suppliers - moderate dependency,"Low seasonality, weekday/weekend variation only",Competition from larger chains; Perishable inventory spoilage; Currency/import cost fluctuation,Local employment rate; Repeat customer rate
BUS00405,Cloud Kitchen - Unit 0405,1.6,Institutional (Schools/Offices),Self-sourced/in-house production,Stable year-round demand,Limited access to working capital credit; Regulatory/licensing compliance burden; Perishable inventory spoilage,Competitor density in radius; Social media engagement/reviews; School/college enrollment nearby
BUS00406,Handicraft Exporter - Unit 0406,4.7,Wholesale Bulk Buyers,Single supplier - high dependency,Wedding season peak (Nov-Feb),Logistics and last-mile delivery cost; Limited access to working capital credit,Seasonal festival calendar; Competitor density in radius
BUS00407,Furniture Store - Unit 0407,19.9,Mixed Retail & Wholesale,Single supplier - high dependency,Harvest-season dependent,Competition from larger chains; Currency/import cost fluctuation; Seasonal cash flow gaps,School/college enrollment nearby; Competitor density in radius
BUS00408,Tutoring Center - Unit 0408,25.7,Retail - Repeat/Loyalty,Single supplier - high dependency,Summer peak (Apr-Jun),High employee attrition; Regulatory/licensing compliance burden; Currency/import cost fluctuation,Agricultural output in surrounding region; Seasonal festival calendar; Local construction/real estate activity
BUS00409,Vegetable Vendor - Unit 0409,9.1,Mixed Retail & Wholesale,Diversified supplier base - low dependency,"Low seasonality, weekday/weekend variation only",Power/utility disruptions; Seasonal cash flow gaps; Currency/import cost fluctuation,Local population growth; Online order volume trend
BUS00410,Sweet Shop - Unit 0410,5.9,Retail - Repeat/Loyalty,2-3 suppliers - moderate dependency,Summer peak (Apr-Jun),Dependence on single supplier; Limited access to working capital credit; Currency/import cost fluctuation,Social media engagement/reviews; Foot traffic count; School/college enrollment nearby
BUS00411,Photography Studio - Unit 0411,10.1,Retail - Repeat/Loyalty,Single supplier - high dependency,"Back-to-school peak (Jun, Jan)",Dependence on single supplier; Currency/import cost fluctuation,Seasonal festival calendar; Online order volume trend; School/college enrollment nearby
BUS00412,Laundry Service - Unit 0412,4.9,B2B - Local Businesses,2-3 suppliers - moderate dependency,"Low seasonality, weekday/weekend variation only",Raw material price volatility; Limited access to working capital credit,Competitor density in radius; Average transaction value trend; School/college enrollment nearby
BUS00413,Plastic Goods Manufacturer - Unit 0413,23.5,Government/Institutional Contracts,Self-sourced/in-house production,Summer peak (Apr-Jun),Logistics and last-mile delivery cost; Limited access to working capital credit,School/college enrollment nearby; Agricultural output in surrounding region; Local construction/real estate activity
BUS00414,Tutoring Center - Unit 0414,21.1,Government/Institutional Contracts,Diversified supplier base - low dependency,Wedding season peak (Nov-Feb),Delayed customer payments (B2B); High employee attrition; Dependence on single supplier,Seasonal festival calendar; Competitor density in radius; Local employment rate
BUS00415,Hardware Store - Unit 0415,1.8,Retail - Walk-in,Seasonal supplier contracts,Summer peak (Apr-Jun),Perishable inventory spoilage; Competition from larger chains; Delayed customer payments (B2B),Agricultural output in surrounding region; Average transaction value trend
BUS00416,Photography Studio - Unit 0416,13.8,Wholesale Bulk Buyers,Diversified supplier base - low dependency,Monsoon-dependent (Jun-Sep),Delayed customer payments (B2B); Regulatory/licensing compliance burden,Local employment rate; Social media engagement/reviews
BUS00417,Tutoring Center - Unit 0417,9,Wholesale Bulk Buyers,Self-sourced/in-house production,Monsoon-dependent (Jun-Sep),Dependence on single supplier; Power/utility disruptions; High employee attrition,Seasonal festival calendar; School/college enrollment nearby; Social media engagement/reviews
BUS00418,Event Planning Service - Unit 0418,4.8,Retail - Repeat/Loyalty,2-3 suppliers - moderate dependency,Summer peak (Apr-Jun),Dependence on single supplier; Currency/import cost fluctuation; Competition from larger chains,Seasonal festival calendar; Local construction/real estate activity; Average transaction value trend
BUS00419,Clothing Boutique - Unit 0419,5.7,Retail - Walk-in,Seasonal supplier contracts,High demand Oct-Dec (festive season),Dependence on single supplier; Perishable inventory spoilage,Local population growth; Average transaction value trend; Foot traffic count
BUS00420,Bakery - Unit 0420,0.9,Mixed Retail & Wholesale,2-3 suppliers - moderate dependency,Wedding season peak (Nov-Feb),Perishable inventory spoilage; Competition from larger chains; Regulatory/licensing compliance burden,Agricultural output in surrounding region; Foot traffic count; Competitor density in radius
BUS00421,Restaurant - Unit 0421,1.6,Wholesale Bulk Buyers,Single supplier - high dependency,"Low seasonality, weekday/weekend variation only",Seasonal cash flow gaps; High employee attrition; Perishable inventory spoilage,Foot traffic count; Repeat customer rate; Online order volume trend
BUS00422,Fitness Studio - Unit 0422,13.5,Retail - Walk-in,2-3 suppliers - moderate dependency,Year-end/New Year spike,Delayed customer payments (B2B); Currency/import cost fluctuation,Average transaction value trend; Local employment rate
BUS00423,Sweet Shop - Unit 0423,5.9,B2B - Local Businesses,Import-dependent supply chain,High demand Oct-Dec (festive season),Perishable inventory spoilage; Competition from larger chains,Online order volume trend; Competitor density in radius; Foot traffic count
BUS00424,Plastic Goods Manufacturer - Unit 0424,3.6,B2B - Regional Distributors,Import-dependent supply chain,Harvest-season dependent,Raw material price volatility; Seasonal cash flow gaps; Perishable inventory spoilage,Local employment rate; Online order volume trend
BUS00425,Kirana Store - Unit 0425,0.5,Mixed Retail & Wholesale,Import-dependent supply chain,Summer peak (Apr-Jun),Dependence on single supplier; High employee attrition; Seasonal cash flow gaps,Repeat customer rate; School/college enrollment nearby; Local construction/real estate activity
BUS00426,Furniture Store - Unit 0426,0.4,B2B - Local Businesses,Import-dependent supply chain,"Low seasonality, weekday/weekend variation only",Seasonal cash flow gaps; Competition from larger chains,Competitor density in radius; Social media engagement/reviews
BUS00427,Event Planning Service - Unit 0427,7.9,Mixed Retail & Wholesale,Import-dependent supply chain,Monsoon-dependent (Jun-Sep),Limited access to working capital credit; Power/utility disruptions,Agricultural output in surrounding region; Local population growth; Seasonal festival calendar
BUS00428,Packaging Unit - Unit 0428,0.5,Mixed Retail & Wholesale,Seasonal supplier contracts,"Back-to-school peak (Jun, Jan)",High employee attrition; Logistics and last-mile delivery cost; Seasonal cash flow gaps,Competitor density in radius; Average transaction value trend; Seasonal festival calendar
BUS00429,Plastic Goods Manufacturer - Unit 0429,29.1,Government/Institutional Contracts,2-3 suppliers - moderate dependency,Stable year-round demand,Competition from larger chains; Perishable inventory spoilage,Social media engagement/reviews; Competitor density in radius; Average transaction value trend
BUS00430,Kirana Store - Unit 0430,19,B2B - Local Businesses,Single supplier - high dependency,Wedding season peak (Nov-Feb),Regulatory/licensing compliance burden; Dependence on single supplier,Online order volume trend; Social media engagement/reviews; Average transaction value trend
BUS00431,Photography Studio - Unit 0431,17.2,Institutional (Schools/Offices),Diversified supplier base - low dependency,Harvest-season dependent,Dependence on single supplier; Limited access to working capital credit; Delayed customer payments (B2B),Foot traffic count; Local population growth
BUS00432,Electronics Retailer - Unit 0432,0.4,Mixed Retail & Wholesale,2-3 suppliers - moderate dependency,Stable year-round demand,Logistics and last-mile delivery cost; Currency/import cost fluctuation,School/college enrollment nearby; Average transaction value trend; Social media engagement/reviews
BUS00433,Cafe - Unit 0433,22.6,Online/E-commerce,2-3 suppliers - moderate dependency,Stable year-round demand,High employee attrition; Currency/import cost fluctuation,Repeat customer rate; Average transaction value trend; Foot traffic count
BUS00434,Stationery Shop - Unit 0434,21.9,Wholesale Bulk Buyers,Diversified supplier base - low dependency,High demand Oct-Dec (festive season),Delayed customer payments (B2B); Raw material price volatility; Dependence on single supplier,Repeat customer rate; Online order volume trend; Social media engagement/reviews
BUS00435,Auto Repair Shop - Unit 0435,1.1,Government/Institutional Contracts,Self-sourced/in-house production,Monsoon-dependent (Jun-Sep),Delayed customer payments (B2B); Currency/import cost fluctuation,Local construction/real estate activity; School/college enrollment nearby
BUS00436,Electronics Retailer - Unit 0436,22,Wholesale Bulk Buyers,Import-dependent supply chain,Stable year-round demand,Currency/import cost fluctuation; Competition from larger chains; Power/utility disruptions,Local population growth; Agricultural output in surrounding region
BUS00437,Textile Manufacturer - Unit 0437,10,B2B - Local Businesses,Seasonal supplier contracts,Year-end/New Year spike,Regulatory/licensing compliance burden; Delayed customer payments (B2B); Limited access to working capital credit,Local employment rate; School/college enrollment nearby; Agricultural output in surrounding region
BUS00438,Agri Input Dealer - Unit 0438,7.3,Government/Institutional Contracts,2-3 suppliers - moderate dependency,Harvest-season dependent,Regulatory/licensing compliance burden; Competition from larger chains; Currency/import cost fluctuation,Foot traffic count; Agricultural output in surrounding region; Seasonal festival calendar
BUS00439,Cafe - Unit 0439,0.5,Institutional (Schools/Offices),Single supplier - high dependency,"Back-to-school peak (Jun, Jan)",High employee attrition; Regulatory/licensing compliance burden,Agricultural output in surrounding region; Seasonal festival calendar
BUS00440,Handicraft Exporter - Unit 0440,20.1,B2B - Local Businesses,Single supplier - high dependency,High demand Oct-Dec (festive season),Regulatory/licensing compliance burden; Seasonal cash flow gaps; Currency/import cost fluctuation,Competitor density in radius; Local construction/real estate activity; Online order volume trend
BUS00441,Bakery - Unit 0441,5.6,Retail - Repeat/Loyalty,Seasonal supplier contracts,Harvest-season dependent,Limited access to working capital credit; Dependence on single supplier,Average transaction value trend; Local population growth; Agricultural output in surrounding region
BUS00442,Agri Input Dealer - Unit 0442,28.2,Retail - Repeat/Loyalty,Seasonal supplier contracts,"Back-to-school peak (Jun, Jan)",Limited access to working capital credit; Logistics and last-mile delivery cost,Repeat customer rate; Foot traffic count; Competitor density in radius
BUS00443,Stationery Shop - Unit 0443,9.7,Retail - Repeat/Loyalty,2-3 suppliers - moderate dependency,High demand Oct-Dec (festive season),Raw material price volatility; Perishable inventory spoilage; Delayed customer payments (B2B),Competitor density in radius; Social media engagement/reviews
BUS00444,Bookstore - Unit 0444,1.9,B2B - Regional Distributors,2-3 suppliers - moderate dependency,High demand Oct-Dec (festive season),Competition from larger chains; Logistics and last-mile delivery cost; Currency/import cost fluctuation,Online order volume trend; Local employment rate
BUS00445,Dairy & Milk Supplier - Unit 0445,8.6,Online/E-commerce,Single supplier - high dependency,Year-end/New Year spike,Delayed customer payments (B2B); Power/utility disruptions,Repeat customer rate; Local employment rate; Social media engagement/reviews
BUS00446,Tutoring Center - Unit 0446,2.2,Mixed Retail & Wholesale,Seasonal supplier contracts,Monsoon-dependent (Jun-Sep),Power/utility disruptions; Currency/import cost fluctuation; Logistics and last-mile delivery cost,Social media engagement/reviews; Local construction/real estate activity
BUS00447,Laundry Service - Unit 0447,18,Retail - Repeat/Loyalty,Diversified supplier base - low dependency,Harvest-season dependent,Currency/import cost fluctuation; Logistics and last-mile delivery cost; Dependence on single supplier,School/college enrollment nearby; Local employment rate
BUS00448,Tutoring Center - Unit 0448,6.6,Online/E-commerce,Diversified supplier base - low dependency,High demand Oct-Dec (festive season),Seasonal cash flow gaps; Regulatory/licensing compliance burden; Logistics and last-mile delivery cost,Local construction/real estate activity; Local population growth; Average transaction value trend
BUS00449,Pharmacy - Unit 0449,2.6,Online/E-commerce,2-3 suppliers - moderate dependency,Stable year-round demand,Limited access to working capital credit; Raw material price volatility,Local construction/real estate activity; Local population growth
BUS00450,Plastic Goods Manufacturer - Unit 0450,4,Retail - Repeat/Loyalty,Diversified supplier base - low dependency,Year-end/New Year spike,Raw material price volatility; Regulatory/licensing compliance burden; High employee attrition,Online order volume trend; Social media engagement/reviews
BUS00451,Grocery Wholesaler - Unit 0451,5.1,B2B - Local Businesses,Import-dependent supply chain,High demand Oct-Dec (festive season),Logistics and last-mile delivery cost; Currency/import cost fluctuation; Delayed customer payments (B2B),Seasonal festival calendar; Local population growth
BUS00452,Pharmacy - Unit 0452,4.4,Institutional (Schools/Offices),Single supplier - high dependency,Year-end/New Year spike,Dependence on single supplier; Power/utility disruptions,School/college enrollment nearby; Agricultural output in surrounding region; Competitor density in radius
BUS00453,Plastic Goods Manufacturer - Unit 0453,0.8,Wholesale Bulk Buyers,2-3 suppliers - moderate dependency,Harvest-season dependent,Regulatory/licensing compliance burden; Competition from larger chains,Local population growth; Online order volume trend
BUS00454,Grocery Wholesaler - Unit 0454,15.4,Retail - Walk-in,Single supplier - high dependency,Monsoon-dependent (Jun-Sep),Regulatory/licensing compliance burden; Competition from larger chains; Power/utility disruptions,Foot traffic count; Competitor density in radius
BUS00455,Sweet Shop - Unit 0455,6.6,Institutional (Schools/Offices),2-3 suppliers - moderate dependency,"Low seasonality, weekday/weekend variation only",Raw material price volatility; Currency/import cost fluctuation; Perishable inventory spoilage,Foot traffic count; Social media engagement/reviews; Seasonal festival calendar
BUS00456,Bakery - Unit 0456,1.9,Wholesale Bulk Buyers,Import-dependent supply chain,Summer peak (Apr-Jun),Limited access to working capital credit; Power/utility disruptions,Local employment rate; Online order volume trend
BUS00457,Bookstore - Unit 0457,1.9,Institutional (Schools/Offices),Seasonal supplier contracts,Wedding season peak (Nov-Feb),Delayed customer payments (B2B); Seasonal cash flow gaps; High employee attrition,Local construction/real estate activity; Social media engagement/reviews
BUS00458,Sweet Shop - Unit 0458,3.4,Institutional (Schools/Offices),Import-dependent supply chain,"Low seasonality, weekday/weekend variation only",Power/utility disruptions; Seasonal cash flow gaps,Competitor density in radius; Repeat customer rate
BUS00459,Textile Manufacturer - Unit 0459,23.6,Retail - Repeat/Loyalty,2-3 suppliers - moderate dependency,Wedding season peak (Nov-Feb),Limited access to working capital credit; Raw material price volatility,Local employment rate; Agricultural output in surrounding region; Seasonal festival calendar
BUS00460,Print & Copy Shop - Unit 0460,4.3,B2B - Regional Distributors,Single supplier - high dependency,Summer peak (Apr-Jun),Raw material price volatility; Logistics and last-mile delivery cost,Local construction/real estate activity; Agricultural output in surrounding region; School/college enrollment nearby
BUS00461,Bakery - Unit 0461,22.3,Retail - Walk-in,Diversified supplier base - low dependency,Stable year-round demand,Seasonal cash flow gaps; Delayed customer payments (B2B); Logistics and last-mile delivery cost,Agricultural output in surrounding region; School/college enrollment nearby; Competitor density in radius
BUS00462,Electronics Retailer - Unit 0462,10,B2B - Local Businesses,2-3 suppliers - moderate dependency,Monsoon-dependent (Jun-Sep),Raw material price volatility; Power/utility disruptions,Seasonal festival calendar; Local employment rate
BUS00463,Bakery - Unit 0463,3.3,Retail - Repeat/Loyalty,2-3 suppliers - moderate dependency,Year-end/New Year spike,Limited access to working capital credit; Regulatory/licensing compliance burden; Competition from larger chains,Local employment rate; Agricultural output in surrounding region
BUS00464,Photography Studio - Unit 0464,0.5,Wholesale Bulk Buyers,Import-dependent supply chain,Wedding season peak (Nov-Feb),Logistics and last-mile delivery cost; Limited access to working capital credit; Currency/import cost fluctuation,Social media engagement/reviews; Repeat customer rate
BUS00465,Print & Copy Shop - Unit 0465,17,Retail - Walk-in,2-3 suppliers - moderate dependency,"Low seasonality, weekday/weekend variation only",Limited access to working capital credit; Raw material price volatility; Delayed customer payments (B2B),Social media engagement/reviews; School/college enrollment nearby; Foot traffic count
BUS00466,Clothing Boutique - Unit 0466,4.9,Institutional (Schools/Offices),Diversified supplier base - low dependency,Year-end/New Year spike,Power/utility disruptions; Perishable inventory spoilage,Agricultural output in surrounding region; Social media engagement/reviews
BUS00467,Packaging Unit - Unit 0467,2,Mixed Retail & Wholesale,Single supplier - high dependency,"Low seasonality, weekday/weekend variation only",Seasonal cash flow gaps; Logistics and last-mile delivery cost,Local employment rate; Agricultural output in surrounding region
BUS00468,Furniture Store - Unit 0468,12.1,Mixed Retail & Wholesale,Seasonal supplier contracts,Monsoon-dependent (Jun-Sep),Dependence on single supplier; Perishable inventory spoilage; Regulatory/licensing compliance burden,Agricultural output in surrounding region; Repeat customer rate
BUS00469,Restaurant - Unit 0469,1.1,Online/E-commerce,Single supplier - high dependency,"Low seasonality, weekday/weekend variation only",Limited access to working capital credit; Delayed customer payments (B2B); Logistics and last-mile delivery cost,Local employment rate; Social media engagement/reviews
BUS00470,Fitness Studio - Unit 0470,0.6,Online/E-commerce,Seasonal supplier contracts,Summer peak (Apr-Jun),Seasonal cash flow gaps; Limited access to working capital credit,Local employment rate; Seasonal festival calendar
BUS00471,Dairy & Milk Supplier - Unit 0471,13.7,B2B - Local Businesses,Single supplier - high dependency,Summer peak (Apr-Jun),Raw material price volatility; Logistics and last-mile delivery cost,Foot traffic count; Average transaction value trend; School/college enrollment nearby
BUS00472,Plastic Goods Manufacturer - Unit 0472,15.3,Retail - Walk-in,Seasonal supplier contracts,Year-end/New Year spike,High employee attrition; Logistics and last-mile delivery cost,Average transaction value trend; Local employment rate; Agricultural output in surrounding region
BUS00473,Restaurant - Unit 0473,26,B2B - Regional Distributors,Seasonal supplier contracts,"Back-to-school peak (Jun, Jan)",Raw material price volatility; Seasonal cash flow gaps,Foot traffic count; School/college enrollment nearby
BUS00474,Stationery Shop - Unit 0474,0.4,Retail - Walk-in,Import-dependent supply chain,"Back-to-school peak (Jun, Jan)",Dependence on single supplier; Raw material price volatility; Limited access to working capital credit,Local population growth; Agricultural output in surrounding region; Seasonal festival calendar
BUS00475,Cafe - Unit 0475,25.7,Government/Institutional Contracts,2-3 suppliers - moderate dependency,Year-end/New Year spike,Raw material price volatility; Dependence on single supplier; Perishable inventory spoilage,Competitor density in radius; Local employment rate; Repeat customer rate
BUS00476,Photography Studio - Unit 0476,11.4,Retail - Repeat/Loyalty,Diversified supplier base - low dependency,Year-end/New Year spike,Dependence on single supplier; Perishable inventory spoilage,Social media engagement/reviews; Local employment rate; Agricultural output in surrounding region
BUS00477,Clothing Boutique - Unit 0477,3.1,Retail - Repeat/Loyalty,Seasonal supplier contracts,"Low seasonality, weekday/weekend variation only",Competition from larger chains; Logistics and last-mile delivery cost,Local employment rate; Local construction/real estate activity; Competitor density in radius
BUS00478,Hardware Store - Unit 0478,20.6,Online/E-commerce,2-3 suppliers - moderate dependency,Year-end/New Year spike,Competition from larger chains; Seasonal cash flow gaps; Logistics and last-mile delivery cost,Agricultural output in surrounding region; Seasonal festival calendar
BUS00479,Clothing Boutique - Unit 0479,0.4,Mixed Retail & Wholesale,Import-dependent supply chain,Stable year-round demand,Logistics and last-mile delivery cost; Power/utility disruptions,Foot traffic count; Competitor density in radius; School/college enrollment nearby
BUS00480,Textile Manufacturer - Unit 0480,2.4,B2B - Regional Distributors,Import-dependent supply chain,"Back-to-school peak (Jun, Jan)",Dependence on single supplier; Perishable inventory spoilage; Currency/import cost fluctuation,Foot traffic count; Repeat customer rate; Competitor density in radius
BUS00481,Furniture Store - Unit 0481,10.9,Retail - Walk-in,2-3 suppliers - moderate dependency,Monsoon-dependent (Jun-Sep),Regulatory/licensing compliance burden; Currency/import cost fluctuation; Competition from larger chains,Foot traffic count; School/college enrollment nearby; Local population growth
BUS00482,Mobile Repair Shop - Unit 0482,2.1,Government/Institutional Contracts,Diversified supplier base - low dependency,Year-end/New Year spike,Limited access to working capital credit; Raw material price volatility; Delayed customer payments (B2B),Local construction/real estate activity; School/college enrollment nearby; Competitor density in radius
BUS00483,Textile Manufacturer - Unit 0483,16.1,Online/E-commerce,Diversified supplier base - low dependency,Stable year-round demand,Perishable inventory spoilage; Raw material price volatility,Local employment rate; School/college enrollment nearby; Social media engagement/reviews
BUS00484,Agri Input Dealer - Unit 0484,2.1,Wholesale Bulk Buyers,2-3 suppliers - moderate dependency,Stable year-round demand,Limited access to working capital credit; Regulatory/licensing compliance burden; Raw material price volatility,Local employment rate; Repeat customer rate; Average transaction value trend
BUS00485,Packaging Unit - Unit 0485,2.8,Institutional (Schools/Offices),2-3 suppliers - moderate dependency,"Low seasonality, weekday/weekend variation only",Seasonal cash flow gaps; Dependence on single supplier; Regulatory/licensing compliance burden,Online order volume trend; Repeat customer rate
BUS00486,Print & Copy Shop - Unit 0486,16.2,Mixed Retail & Wholesale,Seasonal supplier contracts,Summer peak (Apr-Jun),Regulatory/licensing compliance burden; Competition from larger chains,Competitor density in radius; Local population growth; Repeat customer rate
BUS00487,Agri Input Dealer - Unit 0487,21.4,B2B - Local Businesses,2-3 suppliers - moderate dependency,High demand Oct-Dec (festive season),Power/utility disruptions; Delayed customer payments (B2B); Dependence on single supplier,Seasonal festival calendar; Foot traffic count
BUS00488,Sweet Shop - Unit 0488,28.7,Online/E-commerce,Self-sourced/in-house production,High demand Oct-Dec (festive season),Delayed customer payments (B2B); Currency/import cost fluctuation,Foot traffic count; Local construction/real estate activity; Seasonal festival calendar
BUS00489,Vegetable Vendor - Unit 0489,2.8,B2B - Regional Distributors,Diversified supplier base - low dependency,"Back-to-school peak (Jun, Jan)",Competition from larger chains; Currency/import cost fluctuation; Dependence on single supplier,Local population growth; Agricultural output in surrounding region; Seasonal festival calendar
BUS00490,Auto Repair Shop - Unit 0490,0.6,Government/Institutional Contracts,Seasonal supplier contracts,Stable year-round demand,Delayed customer payments (B2B); Regulatory/licensing compliance burden,Seasonal festival calendar; Local population growth; Agricultural output in surrounding region
BUS00491,Bookstore - Unit 0491,2.6,Institutional (Schools/Offices),Seasonal supplier contracts,Wedding season peak (Nov-Feb),Raw material price volatility; Seasonal cash flow gaps; Limited access to working capital credit,School/college enrollment nearby; Foot traffic count; Repeat customer rate
BUS00492,Fitness Studio - Unit 0492,0.4,Wholesale Bulk Buyers,2-3 suppliers - moderate dependency,Year-end/New Year spike,Perishable inventory spoilage; Regulatory/licensing compliance burden; High employee attrition,Average transaction value trend; Local construction/real estate activity
BUS00493,Salon & Spa - Unit 0493,1.1,Mixed Retail & Wholesale,Single supplier - high dependency,Year-end/New Year spike,Currency/import cost fluctuation; Limited access to working capital credit; Competition from larger chains,Online order volume trend; Agricultural output in surrounding region; Local population growth
BUS00494,Plastic Goods Manufacturer - Unit 0494,22.6,Online/E-commerce,Self-sourced/in-house production,Summer peak (Apr-Jun),Regulatory/licensing compliance burden; Competition from larger chains; Currency/import cost fluctuation,Repeat customer rate; Average transaction value trend
BUS00495,Auto Repair Shop - Unit 0495,6.9,B2B - Local Businesses,Diversified supplier base - low dependency,Wedding season peak (Nov-Feb),Delayed customer payments (B2B); Dependence on single supplier,Agricultural output in surrounding region; Repeat customer rate; Competitor density in radius
BUS00496,Textile Manufacturer - Unit 0496,1.1,Government/Institutional Contracts,Self-sourced/in-house production,Harvest-season dependent,High employee attrition; Logistics and last-mile delivery cost; Limited access to working capital credit,Average transaction value trend; Local employment rate
BUS00497,Restaurant - Unit 0497,6.2,Wholesale Bulk Buyers,Self-sourced/in-house production,Wedding season peak (Nov-Feb),Seasonal cash flow gaps; Currency/import cost fluctuation,Agricultural output in surrounding region; Local construction/real estate activity
BUS00498,Agri Input Dealer - Unit 0498,12.7,Mixed Retail & Wholesale,Diversified supplier base - low dependency,"Low seasonality, weekday/weekend variation only",Competition from larger chains; Seasonal cash flow gaps,Local employment rate; Repeat customer rate; Local construction/real estate activity
BUS00499,Auto Repair Shop - Unit 0499,27.7,Wholesale Bulk Buyers,Diversified supplier base - low dependency,Year-end/New Year spike,Dependence on single supplier; High employee attrition,Local construction/real estate activity; School/college enrollment nearby
BUS00500,Event Planning Service - Unit 0500,0.6,B2B - Local Businesses,Self-sourced/in-house production,"Low seasonality, weekday/weekend variation only",Power/utility disruptions; Logistics and last-mile delivery cost; Currency/import cost fluctuation,Online order volume trend; Agricultural output in surrounding region; Competitor density in radius
BUS00501,Dairy & Milk Supplier - Unit 0501,27.9,Institutional (Schools/Offices),Self-sourced/in-house production,Wedding season peak (Nov-Feb),Logistics and last-mile delivery cost; Raw material price volatility,Local population growth; Seasonal festival calendar; Foot traffic count
BUS00502,Stationery Shop - Unit 0502,23.7,Retail - Walk-in,Import-dependent supply chain,"Low seasonality, weekday/weekend variation only",Dependence on single supplier; Perishable inventory spoilage; Raw material price volatility,Local employment rate; Local construction/real estate activity
BUS00503,Fitness Studio - Unit 0503,7.6,Wholesale Bulk Buyers,Self-sourced/in-house production,Harvest-season dependent,Currency/import cost fluctuation; Seasonal cash flow gaps,Local population growth; Online order volume trend; Social media engagement/reviews
BUS00504,Fitness Studio - Unit 0504,8,B2B - Local Businesses,Diversified supplier base - low dependency,Summer peak (Apr-Jun),Raw material price volatility; Dependence on single supplier,Local population growth; Average transaction value trend
BUS00505,Sweet Shop - Unit 0505,11.9,B2B - Local Businesses,Single supplier - high dependency,Summer peak (Apr-Jun),Competition from larger chains; Logistics and last-mile delivery cost; Power/utility disruptions,Average transaction value trend; Social media engagement/reviews
BUS00506,Tutoring Center - Unit 0506,22.6,Wholesale Bulk Buyers,Diversified supplier base - low dependency,Monsoon-dependent (Jun-Sep),Power/utility disruptions; Logistics and last-mile delivery cost,Local construction/real estate activity; Average transaction value trend
BUS00507,Plastic Goods Manufacturer - Unit 0507,3.3,Institutional (Schools/Offices),Self-sourced/in-house production,"Low seasonality, weekday/weekend variation only",Raw material price volatility; Limited access to working capital credit; Logistics and last-mile delivery cost,Agricultural output in surrounding region; Competitor density in radius; Repeat customer rate
BUS00508,Bookstore - Unit 0508,17.8,Retail - Repeat/Loyalty,2-3 suppliers - moderate dependency,"Low seasonality, weekday/weekend variation only",Competition from larger chains; Delayed customer payments (B2B); Dependence on single supplier,Online order volume trend; Average transaction value trend
BUS00509,Vegetable Vendor - Unit 0509,1.1,Government/Institutional Contracts,Seasonal supplier contracts,"Back-to-school peak (Jun, Jan)",Regulatory/licensing compliance burden; Delayed customer payments (B2B),Average transaction value trend; Agricultural output in surrounding region
BUS00510,Grocery Wholesaler - Unit 0510,15.4,Online/E-commerce,Self-sourced/in-house production,Wedding season peak (Nov-Feb),Perishable inventory spoilage; Seasonal cash flow gaps; Raw material price volatility,Agricultural output in surrounding region; Local construction/real estate activity; Seasonal festival calendar
BUS00511,Pharmacy - Unit 0511,15.5,Retail - Walk-in,Import-dependent supply chain,"Back-to-school peak (Jun, Jan)",Perishable inventory spoilage; Competition from larger chains,Local population growth; Social media engagement/reviews
BUS00512,Restaurant - Unit 0512,4.5,Institutional (Schools/Offices),Diversified supplier base - low dependency,"Back-to-school peak (Jun, Jan)",Limited access to working capital credit; Dependence on single supplier,Local construction/real estate activity; Local population growth
BUS00513,Sweet Shop - Unit 0513,14.2,B2B - Local Businesses,Diversified supplier base - low dependency,Monsoon-dependent (Jun-Sep),Seasonal cash flow gaps; Delayed customer payments (B2B); Raw material price volatility,Repeat customer rate; Local population growth; Local construction/real estate activity
BUS00514,Handicraft Exporter - Unit 0514,2.3,Wholesale Bulk Buyers,Self-sourced/in-house production,Monsoon-dependent (Jun-Sep),Limited access to working capital credit; Currency/import cost fluctuation; Seasonal cash flow gaps,Local construction/real estate activity; Competitor density in radius
BUS00515,Pharmacy - Unit 0515,5.5,Retail - Repeat/Loyalty,Single supplier - high dependency,Summer peak (Apr-Jun),Power/utility disruptions; Competition from larger chains; Perishable inventory spoilage,Agricultural output in surrounding region; Social media engagement/reviews; Online order volume trend
BUS00516,Fitness Studio - Unit 0516,9.9,B2B - Local Businesses,Seasonal supplier contracts,Harvest-season dependent,Perishable inventory spoilage; Competition from larger chains,School/college enrollment nearby; Competitor density in radius; Social media engagement/reviews
BUS00517,Sweet Shop - Unit 0517,0.4,Government/Institutional Contracts,Import-dependent supply chain,Wedding season peak (Nov-Feb),Logistics and last-mile delivery cost; Currency/import cost fluctuation; Perishable inventory spoilage,Seasonal festival calendar; Agricultural output in surrounding region; Repeat customer rate
BUS00518,Hardware Store - Unit 0518,23.9,B2B - Regional Distributors,Import-dependent supply chain,Monsoon-dependent (Jun-Sep),Currency/import cost fluctuation; Seasonal cash flow gaps; Regulatory/licensing compliance burden,School/college enrollment nearby; Foot traffic count
BUS00519,Agri Input Dealer - Unit 0519,0.8,Retail - Repeat/Loyalty,Seasonal supplier contracts,Stable year-round demand,Regulatory/licensing compliance burden; High employee attrition; Perishable inventory spoilage,Online order volume trend; Foot traffic count; School/college enrollment nearby
BUS00520,Cafe - Unit 0520,0.8,B2B - Regional Distributors,Seasonal supplier contracts,Stable year-round demand,Dependence on single supplier; Logistics and last-mile delivery cost,Local employment rate; School/college enrollment nearby
BUS00521,Photography Studio - Unit 0521,28,B2B - Local Businesses,Single supplier - high dependency,Summer peak (Apr-Jun),Perishable inventory spoilage; Competition from larger chains; Dependence on single supplier,Seasonal festival calendar; Local employment rate; Competitor density in radius
BUS00522,Hardware Store - Unit 0522,2.2,Institutional (Schools/Offices),Single supplier - high dependency,Harvest-season dependent,Regulatory/licensing compliance burden; Raw material price volatility; Perishable inventory spoilage,Local population growth; Average transaction value trend; Repeat customer rate
BUS00523,Mobile Repair Shop - Unit 0523,3.1,B2B - Local Businesses,Import-dependent supply chain,Year-end/New Year spike,Seasonal cash flow gaps; Delayed customer payments (B2B),Online order volume trend; Local construction/real estate activity; Repeat customer rate
BUS00524,Handicraft Exporter - Unit 0524,16.3,Retail - Repeat/Loyalty,Single supplier - high dependency,Stable year-round demand,Logistics and last-mile delivery cost; Perishable inventory spoilage,Foot traffic count; Average transaction value trend; Local population growth
BUS00525,Vegetable Vendor - Unit 0525,0.6,Wholesale Bulk Buyers,Diversified supplier base - low dependency,Summer peak (Apr-Jun),Power/utility disruptions; Logistics and last-mile delivery cost; Raw material price volatility,Average transaction value trend; Local employment rate; School/college enrollment nearby
BUS00526,Plastic Goods Manufacturer - Unit 0526,1,Retail - Walk-in,Self-sourced/in-house production,Year-end/New Year spike,Logistics and last-mile delivery cost; Delayed customer payments (B2B),Competitor density in radius; School/college enrollment nearby; Seasonal festival calendar
BUS00527,Fitness Studio - Unit 0527,0.5,Retail - Repeat/Loyalty,Diversified supplier base - low dependency,"Low seasonality, weekday/weekend variation only",Dependence on single supplier; Competition from larger chains; Perishable inventory spoilage,Local population growth; Social media engagement/reviews
BUS00528,Pharmacy - Unit 0528,10.6,Institutional (Schools/Offices),Import-dependent supply chain,Harvest-season dependent,Currency/import cost fluctuation; Regulatory/licensing compliance burden,Repeat customer rate; School/college enrollment nearby; Average transaction value trend
BUS00529,Laundry Service - Unit 0529,2.6,B2B - Regional Distributors,Single supplier - high dependency,Monsoon-dependent (Jun-Sep),Power/utility disruptions; Dependence on single supplier; Delayed customer payments (B2B),Average transaction value trend; Social media engagement/reviews; Agricultural output in surrounding region
BUS00530,Kirana Store - Unit 0530,0.5,Online/E-commerce,Import-dependent supply chain,High demand Oct-Dec (festive season),Dependence on single supplier; High employee attrition; Delayed customer payments (B2B),School/college enrollment nearby; Social media engagement/reviews; Local population growth
BUS00531,Laundry Service - Unit 0531,22.3,Retail - Repeat/Loyalty,Single supplier - high dependency,Summer peak (Apr-Jun),Currency/import cost fluctuation; Raw material price volatility; Competition from larger chains,Online order volume trend; School/college enrollment nearby
BUS00532,Salon & Spa - Unit 0532,0.4,Retail - Walk-in,Diversified supplier base - low dependency,Stable year-round demand,Logistics and last-mile delivery cost; Seasonal cash flow gaps; Limited access to working capital credit,Repeat customer rate; Agricultural output in surrounding region
BUS00533,Mobile Repair Shop - Unit 0533,28,B2B - Regional Distributors,Single supplier - high dependency,Monsoon-dependent (Jun-Sep),Regulatory/licensing compliance burden; Currency/import cost fluctuation; Power/utility disruptions,Repeat customer rate; School/college enrollment nearby; Local construction/real estate activity
BUS00534,Textile Manufacturer - Unit 0534,1.9,B2B - Regional Distributors,Single supplier - high dependency,Summer peak (Apr-Jun),Dependence on single supplier; Limited access to working capital credit; Perishable inventory spoilage,Local employment rate; Local population growth
BUS00535,Cloud Kitchen - Unit 0535,7.1,Mixed Retail & Wholesale,2-3 suppliers - moderate dependency,High demand Oct-Dec (festive season),Dependence on single supplier; Currency/import cost fluctuation,Local population growth; Foot traffic count; Average transaction value trend
BUS00536,Restaurant - Unit 0536,0.4,Retail - Repeat/Loyalty,Import-dependent supply chain,"Back-to-school peak (Jun, Jan)",Limited access to working capital credit; Competition from larger chains; Seasonal cash flow gaps,Local population growth; School/college enrollment nearby
BUS00537,Hardware Store - Unit 0537,19.6,B2B - Regional Distributors,2-3 suppliers - moderate dependency,High demand Oct-Dec (festive season),Limited access to working capital credit; Competition from larger chains,School/college enrollment nearby; Seasonal festival calendar
BUS00538,Stationery Shop - Unit 0538,8,B2B - Regional Distributors,2-3 suppliers - moderate dependency,Stable year-round demand,Logistics and last-mile delivery cost; Regulatory/licensing compliance burden,Average transaction value trend; School/college enrollment nearby
BUS00539,Sweet Shop - Unit 0539,2.7,B2B - Regional Distributors,Single supplier - high dependency,Summer peak (Apr-Jun),Competition from larger chains; Seasonal cash flow gaps; Currency/import cost fluctuation,Foot traffic count; School/college enrollment nearby
BUS00540,Stationery Shop - Unit 0540,4.4,Institutional (Schools/Offices),Diversified supplier base - low dependency,Year-end/New Year spike,Dependence on single supplier; Raw material price volatility,Local population growth; Foot traffic count
BUS00541,Mobile Repair Shop - Unit 0541,16.9,B2B - Regional Distributors,Import-dependent supply chain,Year-end/New Year spike,Power/utility disruptions; High employee attrition; Regulatory/licensing compliance burden,Repeat customer rate; Competitor density in radius
BUS00542,Bakery - Unit 0542,0.9,Wholesale Bulk Buyers,2-3 suppliers - moderate dependency,Harvest-season dependent,Dependence on single supplier; Competition from larger chains,Foot traffic count; Local employment rate; Local population growth
BUS00543,Clothing Boutique - Unit 0543,24.5,Wholesale Bulk Buyers,Diversified supplier base - low dependency,Summer peak (Apr-Jun),Limited access to working capital credit; High employee attrition; Regulatory/licensing compliance burden,Online order volume trend; Competitor density in radius; Local population growth
BUS00544,Pharmacy - Unit 0544,20.6,B2B - Local Businesses,Single supplier - high dependency,Year-end/New Year spike,Power/utility disruptions; Seasonal cash flow gaps; Regulatory/licensing compliance burden,Seasonal festival calendar; Local construction/real estate activity
BUS00545,Electronics Retailer - Unit 0545,29.1,Government/Institutional Contracts,2-3 suppliers - moderate dependency,Stable year-round demand,Delayed customer payments (B2B); Competition from larger chains; High employee attrition,Average transaction value trend; Seasonal festival calendar; Foot traffic count
BUS00546,Laundry Service - Unit 0546,10.9,B2B - Regional Distributors,2-3 suppliers - moderate dependency,Wedding season peak (Nov-Feb),Logistics and last-mile delivery cost; High employee attrition; Limited access to working capital credit,Local construction/real estate activity; Foot traffic count
BUS00547,Tutoring Center - Unit 0547,0.4,Mixed Retail & Wholesale,Import-dependent supply chain,"Low seasonality, weekday/weekend variation only",Power/utility disruptions; Delayed customer payments (B2B),Average transaction value trend; Repeat customer rate; Agricultural output in surrounding region
BUS00548,Mobile Repair Shop - Unit 0548,2.5,Retail - Walk-in,Import-dependent supply chain,Harvest-season dependent,Seasonal cash flow gaps; Regulatory/licensing compliance burden,Online order volume trend; School/college enrollment nearby; Repeat customer rate
BUS00549,Kirana Store - Unit 0549,16,B2B - Local Businesses,Import-dependent supply chain,Year-end/New Year spike,Competition from larger chains; Limited access to working capital credit,Agricultural output in surrounding region; Local employment rate
BUS00550,Electronics Retailer - Unit 0550,7.4,Retail - Walk-in,Import-dependent supply chain,Stable year-round demand,Limited access to working capital credit; Regulatory/licensing compliance burden; Delayed customer payments (B2B),Seasonal festival calendar; Local employment rate
BUS00551,Photography Studio - Unit 0551,5.4,Government/Institutional Contracts,Seasonal supplier contracts,Monsoon-dependent (Jun-Sep),Logistics and last-mile delivery cost; Regulatory/licensing compliance burden,Social media engagement/reviews; School/college enrollment nearby
BUS00552,Stationery Shop - Unit 0552,0.4,Online/E-commerce,Self-sourced/in-house production,High demand Oct-Dec (festive season),Regulatory/licensing compliance burden; Seasonal cash flow gaps; Delayed customer payments (B2B),Social media engagement/reviews; Online order volume trend
BUS00553,Salon & Spa - Unit 0553,6.3,Retail - Repeat/Loyalty,Import-dependent supply chain,Year-end/New Year spike,Limited access to working capital credit; High employee attrition,Competitor density in radius; Seasonal festival calendar; Social media engagement/reviews
BUS00554,Sweet Shop - Unit 0554,9.1,Retail - Repeat/Loyalty,Diversified supplier base - low dependency,Wedding season peak (Nov-Feb),Competition from larger chains; Delayed customer payments (B2B); Currency/import cost fluctuation,Average transaction value trend; Social media engagement/reviews
BUS00555,Sweet Shop - Unit 0555,23.2,Mixed Retail & Wholesale,Seasonal supplier contracts,Wedding season peak (Nov-Feb),High employee attrition; Competition from larger chains,Repeat customer rate; Local employment rate
BUS00556,Packaging Unit - Unit 0556,1.8,Retail - Repeat/Loyalty,Single supplier - high dependency,Summer peak (Apr-Jun),Dependence on single supplier; Seasonal cash flow gaps; Competition from larger chains,Online order volume trend; Social media engagement/reviews
BUS00557,Vegetable Vendor - Unit 0557,0.5,Government/Institutional Contracts,2-3 suppliers - moderate dependency,Year-end/New Year spike,Power/utility disruptions; Competition from larger chains; Raw material price volatility,Online order volume trend; Repeat customer rate; Foot traffic count
BUS00558,Plastic Goods Manufacturer - Unit 0558,3.4,Government/Institutional Contracts,Import-dependent supply chain,Wedding season peak (Nov-Feb),Logistics and last-mile delivery cost; Regulatory/licensing compliance burden; Currency/import cost fluctuation,Local construction/real estate activity; School/college enrollment nearby; Social media engagement/reviews
BUS00559,Agri Input Dealer - Unit 0559,19.6,Institutional (Schools/Offices),Seasonal supplier contracts,Summer peak (Apr-Jun),Seasonal cash flow gaps; Perishable inventory spoilage; High employee attrition,Competitor density in radius; Seasonal festival calendar; Foot traffic count
BUS00560,Salon & Spa - Unit 0560,6.4,B2B - Local Businesses,Seasonal supplier contracts,Summer peak (Apr-Jun),Seasonal cash flow gaps; Limited access to working capital credit; Currency/import cost fluctuation,Online order volume trend; Repeat customer rate
BUS00561,Pharmacy - Unit 0561,7.2,Mixed Retail & Wholesale,Diversified supplier base - low dependency,Wedding season peak (Nov-Feb),High employee attrition; Delayed customer payments (B2B),School/college enrollment nearby; Competitor density in radius
BUS00562,Stationery Shop - Unit 0562,1.9,Government/Institutional Contracts,2-3 suppliers - moderate dependency,"Low seasonality, weekday/weekend variation only",Dependence on single supplier; Raw material price volatility; Power/utility disruptions,Local population growth; Average transaction value trend; Competitor density in radius
BUS00563,Salon & Spa - Unit 0563,0.6,Government/Institutional Contracts,Seasonal supplier contracts,Wedding season peak (Nov-Feb),Competition from larger chains; Perishable inventory spoilage; Logistics and last-mile delivery cost,Local construction/real estate activity; Average transaction value trend
BUS00564,Furniture Store - Unit 0564,1.1,Retail - Walk-in,2-3 suppliers - moderate dependency,"Low seasonality, weekday/weekend variation only",Perishable inventory spoilage; Raw material price volatility,Local construction/real estate activity; Online order volume trend; Average transaction value trend
BUS00565,Stationery Shop - Unit 0565,0.9,B2B - Regional Distributors,Seasonal supplier contracts,"Low seasonality, weekday/weekend variation only",Perishable inventory spoilage; High employee attrition,Repeat customer rate; Social media engagement/reviews
BUS00566,Plastic Goods Manufacturer - Unit 0566,16.1,Retail - Repeat/Loyalty,Seasonal supplier contracts,Harvest-season dependent,Competition from larger chains; Regulatory/licensing compliance burden,School/college enrollment nearby; Competitor density in radius
BUS00567,Fitness Studio - Unit 0567,2.2,Wholesale Bulk Buyers,Diversified supplier base - low dependency,Harvest-season dependent,Raw material price volatility; Perishable inventory spoilage; Regulatory/licensing compliance burden,Seasonal festival calendar; Average transaction value trend; Social media engagement/reviews
BUS00568,Restaurant - Unit 0568,3.3,Mixed Retail & Wholesale,Import-dependent supply chain,Harvest-season dependent,Perishable inventory spoilage; Seasonal cash flow gaps; Power/utility disruptions,Local population growth; Local construction/real estate activity; School/college enrollment nearby
BUS00569,Restaurant - Unit 0569,1.8,Mixed Retail & Wholesale,Seasonal supplier contracts,Wedding season peak (Nov-Feb),Logistics and last-mile delivery cost; Power/utility disruptions,Foot traffic count; Local employment rate
BUS00570,Vegetable Vendor - Unit 0570,4.8,Government/Institutional Contracts,Self-sourced/in-house production,Summer peak (Apr-Jun),Seasonal cash flow gaps; Power/utility disruptions,Social media engagement/reviews; Average transaction value trend; Foot traffic count
BUS00571,Agri Input Dealer - Unit 0571,5.7,Institutional (Schools/Offices),Self-sourced/in-house production,"Low seasonality, weekday/weekend variation only",High employee attrition; Raw material price volatility; Currency/import cost fluctuation,Seasonal festival calendar; Agricultural output in surrounding region
BUS00572,Vegetable Vendor - Unit 0572,12.7,Institutional (Schools/Offices),Self-sourced/in-house production,Summer peak (Apr-Jun),Limited access to working capital credit; Currency/import cost fluctuation; High employee attrition,Repeat customer rate; Seasonal festival calendar
BUS00573,Mobile Repair Shop - Unit 0573,1,Online/E-commerce,Seasonal supplier contracts,Year-end/New Year spike,Perishable inventory spoilage; Currency/import cost fluctuation; Competition from larger chains,Competitor density in radius; Social media engagement/reviews
BUS00574,Laundry Service - Unit 0574,20.2,Institutional (Schools/Offices),2-3 suppliers - moderate dependency,High demand Oct-Dec (festive season),Regulatory/licensing compliance burden; Competition from larger chains,Competitor density in radius; Local population growth
BUS00575,Pharmacy - Unit 0575,4.7,Online/E-commerce,Single supplier - high dependency,"Back-to-school peak (Jun, Jan)",Delayed customer payments (B2B); Currency/import cost fluctuation; Dependence on single supplier,School/college enrollment nearby; Local population growth
BUS00576,Photography Studio - Unit 0576,1,B2B - Local Businesses,Seasonal supplier contracts,Wedding season peak (Nov-Feb),Currency/import cost fluctuation; Perishable inventory spoilage; Limited access to working capital credit,Repeat customer rate; Social media engagement/reviews; Local construction/real estate activity
BUS00577,Stationery Shop - Unit 0577,1.6,Government/Institutional Contracts,Diversified supplier base - low dependency,Wedding season peak (Nov-Feb),Power/utility disruptions; Regulatory/licensing compliance burden; Seasonal cash flow gaps,Online order volume trend; Local population growth
BUS00578,Grocery Wholesaler - Unit 0578,3.4,Government/Institutional Contracts,Seasonal supplier contracts,"Low seasonality, weekday/weekend variation only",Power/utility disruptions; Competition from larger chains,Repeat customer rate; Local population growth
BUS00579,Handicraft Exporter - Unit 0579,0.5,Institutional (Schools/Offices),Import-dependent supply chain,Wedding season peak (Nov-Feb),Competition from larger chains; Logistics and last-mile delivery cost,Local population growth; Seasonal festival calendar; Foot traffic count
BUS00580,Laundry Service - Unit 0580,0.9,B2B - Local Businesses,Import-dependent supply chain,Monsoon-dependent (Jun-Sep),Seasonal cash flow gaps; High employee attrition; Limited access to working capital credit,Local employment rate; Repeat customer rate
BUS00581,Restaurant - Unit 0581,0.6,Wholesale Bulk Buyers,Single supplier - high dependency,Monsoon-dependent (Jun-Sep),Raw material price volatility; Currency/import cost fluctuation,Average transaction value trend; Repeat customer rate
BUS00582,Handicraft Exporter - Unit 0582,4.1,Institutional (Schools/Offices),Import-dependent supply chain,High demand Oct-Dec (festive season),Dependence on single supplier; Logistics and last-mile delivery cost,Local construction/real estate activity; Online order volume trend
BUS00583,Electronics Retailer - Unit 0583,5.7,B2B - Local Businesses,Import-dependent supply chain,"Back-to-school peak (Jun, Jan)",Regulatory/licensing compliance burden; Seasonal cash flow gaps; Delayed customer payments (B2B),Social media engagement/reviews; Local construction/real estate activity
BUS00584,Restaurant - Unit 0584,1.1,Retail - Walk-in,Seasonal supplier contracts,Monsoon-dependent (Jun-Sep),Perishable inventory spoilage; Seasonal cash flow gaps,Agricultural output in surrounding region; Repeat customer rate
BUS00585,Handicraft Exporter - Unit 0585,3.5,Mixed Retail & Wholesale,Diversified supplier base - low dependency,Summer peak (Apr-Jun),Currency/import cost fluctuation; Dependence on single supplier; Seasonal cash flow gaps,Local employment rate; Agricultural output in surrounding region; Online order volume trend
BUS00586,Grocery Wholesaler - Unit 0586,2.9,Online/E-commerce,Single supplier - high dependency,Year-end/New Year spike,Delayed customer payments (B2B); Seasonal cash flow gaps,Competitor density in radius; Seasonal festival calendar; Social media engagement/reviews
BUS00587,Laundry Service - Unit 0587,0.4,Mixed Retail & Wholesale,Single supplier - high dependency,Harvest-season dependent,Competition from larger chains; Logistics and last-mile delivery cost; Perishable inventory spoilage,Online order volume trend; Social media engagement/reviews; Local employment rate
BUS00588,Dairy & Milk Supplier - Unit 0588,8.8,Retail - Repeat/Loyalty,Self-sourced/in-house production,Wedding season peak (Nov-Feb),Raw material price volatility; Currency/import cost fluctuation,School/college enrollment nearby; Repeat customer rate; Local employment rate
BUS00589,Print & Copy Shop - Unit 0589,21.3,Retail - Repeat/Loyalty,Single supplier - high dependency,Summer peak (Apr-Jun),Power/utility disruptions; Logistics and last-mile delivery cost; Dependence on single supplier,Repeat customer rate; Competitor density in radius
BUS00590,Clothing Boutique - Unit 0590,6.2,Wholesale Bulk Buyers,Single supplier - high dependency,Monsoon-dependent (Jun-Sep),Limited access to working capital credit; Competition from larger chains; Perishable inventory spoilage,School/college enrollment nearby; Local employment rate; Competitor density in radius
BUS00591,Mobile Repair Shop - Unit 0591,29.5,Mixed Retail & Wholesale,Seasonal supplier contracts,"Back-to-school peak (Jun, Jan)",Competition from larger chains; Dependence on single supplier,Seasonal festival calendar; Average transaction value trend
BUS00592,Mobile Repair Shop - Unit 0592,3.2,B2B - Local Businesses,Single supplier - high dependency,Stable year-round demand,Dependence on single supplier; Competition from larger chains,Local population growth; Local employment rate
BUS00593,Cafe - Unit 0593,6,Retail - Repeat/Loyalty,Single supplier - high dependency,"Low seasonality, weekday/weekend variation only",Competition from larger chains; High employee attrition; Perishable inventory spoilage,Average transaction value trend; Social media engagement/reviews; Seasonal festival calendar
BUS00594,Textile Manufacturer - Unit 0594,7.9,Government/Institutional Contracts,Seasonal supplier contracts,High demand Oct-Dec (festive season),Power/utility disruptions; Dependence on single supplier,Average transaction value trend; Competitor density in radius; Local employment rate
BUS00595,Print & Copy Shop - Unit 0595,12.2,B2B - Local Businesses,Seasonal supplier contracts,"Back-to-school peak (Jun, Jan)",Competition from larger chains; Power/utility disruptions,Seasonal festival calendar; Local employment rate
BUS00596,Mobile Repair Shop - Unit 0596,1,Mixed Retail & Wholesale,Import-dependent supply chain,"Low seasonality, weekday/weekend variation only",Competition from larger chains; Delayed customer payments (B2B); Seasonal cash flow gaps,Local employment rate; Seasonal festival calendar
BUS00597,Mobile Repair Shop - Unit 0597,29.7,Online/E-commerce,Diversified supplier base - low dependency,Wedding season peak (Nov-Feb),Raw material price volatility; Logistics and last-mile delivery cost,Local population growth; Competitor density in radius
BUS00598,Stationery Shop - Unit 0598,20.3,Online/E-commerce,Self-sourced/in-house production,Stable year-round demand,Regulatory/licensing compliance burden; Limited access to working capital credit; Power/utility disruptions,Foot traffic count; School/college enrollment nearby; Online order volume trend
BUS00599,Bakery - Unit 0599,3.2,Retail - Repeat/Loyalty,Import-dependent supply chain,Stable year-round demand,Dependence on single supplier; Regulatory/licensing compliance burden; Seasonal cash flow gaps,Social media engagement/reviews; Competitor density in radius
BUS00600,Pharmacy - Unit 0600,15.9,Wholesale Bulk Buyers,Seasonal supplier contracts,"Low seasonality, weekday/weekend variation only",Perishable inventory spoilage; Raw material price volatility; Competition from larger chains,Competitor density in radius; Local employment rate
BUS00601,Bookstore - Unit 0601,9.3,Retail - Repeat/Loyalty,Self-sourced/in-house production,Stable year-round demand,Regulatory/licensing compliance burden; Competition from larger chains,Local population growth; Local construction/real estate activity; Seasonal festival calendar
BUS00602,Stationery Shop - Unit 0602,8.8,Retail - Repeat/Loyalty,Seasonal supplier contracts,Monsoon-dependent (Jun-Sep),Perishable inventory spoilage; Raw material price volatility; Limited access to working capital credit,Online order volume trend; Local construction/real estate activity; Repeat customer rate
BUS00603,Cloud Kitchen - Unit 0603,20.9,Online/E-commerce,Diversified supplier base - low dependency,Stable year-round demand,Power/utility disruptions; High employee attrition; Regulatory/licensing compliance burden,School/college enrollment nearby; Seasonal festival calendar
BUS00604,Grocery Wholesaler - Unit 0604,4.9,Government/Institutional Contracts,Diversified supplier base - low dependency,Monsoon-dependent (Jun-Sep),Power/utility disruptions; Perishable inventory spoilage; Logistics and last-mile delivery cost,School/college enrollment nearby; Social media engagement/reviews; Local population growth
BUS00605,Packaging Unit - Unit 0605,0.5,Government/Institutional Contracts,2-3 suppliers - moderate dependency,Year-end/New Year spike,Currency/import cost fluctuation; Competition from larger chains,School/college enrollment nearby; Social media engagement/reviews; Local construction/real estate activity
BUS00606,Plastic Goods Manufacturer - Unit 0606,11.7,Retail - Walk-in,Seasonal supplier contracts,Monsoon-dependent (Jun-Sep),Competition from larger chains; Seasonal cash flow gaps; High employee attrition,Agricultural output in surrounding region; School/college enrollment nearby
BUS00607,Photography Studio - Unit 0607,5.7,Wholesale Bulk Buyers,Diversified supplier base - low dependency,Stable year-round demand,Power/utility disruptions; Perishable inventory spoilage,School/college enrollment nearby; Local population growth; Seasonal festival calendar
BUS00608,Sweet Shop - Unit 0608,22.4,B2B - Regional Distributors,Single supplier - high dependency,Summer peak (Apr-Jun),Raw material price volatility; High employee attrition,Average transaction value trend; Agricultural output in surrounding region; Social media engagement/reviews
BUS00609,Tutoring Center - Unit 0609,10.6,Retail - Walk-in,2-3 suppliers - moderate dependency,Summer peak (Apr-Jun),Seasonal cash flow gaps; Raw material price volatility; Perishable inventory spoilage,School/college enrollment nearby; Social media engagement/reviews; Local population growth
BUS00610,Vegetable Vendor - Unit 0610,0.6,Mixed Retail & Wholesale,Single supplier - high dependency,High demand Oct-Dec (festive season),Regulatory/licensing compliance burden; Logistics and last-mile delivery cost,Repeat customer rate; Local employment rate; Competitor density in radius
BUS00611,Sweet Shop - Unit 0611,1,B2B - Local Businesses,2-3 suppliers - moderate dependency,Stable year-round demand,Delayed customer payments (B2B); Currency/import cost fluctuation,Average transaction value trend; Repeat customer rate; Online order volume trend
BUS00612,Cafe - Unit 0612,1.1,Online/E-commerce,Diversified supplier base - low dependency,Harvest-season dependent,Power/utility disruptions; High employee attrition,Repeat customer rate; Local population growth
BUS00613,Clothing Boutique - Unit 0613,4.9,Institutional (Schools/Offices),Seasonal supplier contracts,High demand Oct-Dec (festive season),Delayed customer payments (B2B); Regulatory/licensing compliance burden; Dependence on single supplier,Social media engagement/reviews; Local employment rate; Average transaction value trend
BUS00614,Sweet Shop - Unit 0614,3.6,B2B - Local Businesses,Diversified supplier base - low dependency,Year-end/New Year spike,Perishable inventory spoilage; Raw material price volatility; Logistics and last-mile delivery cost,Agricultural output in surrounding region; School/college enrollment nearby
BUS00615,Event Planning Service - Unit 0615,0.5,B2B - Regional Distributors,Diversified supplier base - low dependency,"Low seasonality, weekday/weekend variation only",Perishable inventory spoilage; Currency/import cost fluctuation; Regulatory/licensing compliance burden,Social media engagement/reviews; Online order volume trend
BUS00616,Plastic Goods Manufacturer - Unit 0616,14.3,Wholesale Bulk Buyers,Diversified supplier base - low dependency,"Back-to-school peak (Jun, Jan)",High employee attrition; Perishable inventory spoilage,Local population growth; Average transaction value trend
BUS00617,Vegetable Vendor - Unit 0617,8.1,Wholesale Bulk Buyers,Single supplier - high dependency,"Back-to-school peak (Jun, Jan)",Competition from larger chains; Limited access to working capital credit,Competitor density in radius; Local employment rate; Repeat customer rate
BUS00618,Agri Input Dealer - Unit 0618,2.2,Government/Institutional Contracts,Single supplier - high dependency,Wedding season peak (Nov-Feb),Logistics and last-mile delivery cost; Delayed customer payments (B2B); Regulatory/licensing compliance burden,Agricultural output in surrounding region; Foot traffic count; School/college enrollment nearby
BUS00619,Vegetable Vendor - Unit 0619,2.1,B2B - Local Businesses,Single supplier - high dependency,Harvest-season dependent,Currency/import cost fluctuation; Perishable inventory spoilage,Local construction/real estate activity; Repeat customer rate; School/college enrollment nearby
BUS00620,Electronics Retailer - Unit 0620,3,B2B - Local Businesses,Seasonal supplier contracts,Harvest-season dependent,Competition from larger chains; Limited access to working capital credit; Seasonal cash flow gaps,Local population growth; School/college enrollment nearby; Local construction/real estate activity
BUS00621,Agri Input Dealer - Unit 0621,7.8,B2B - Regional Distributors,Single supplier - high dependency,Harvest-season dependent,Seasonal cash flow gaps; Power/utility disruptions; Currency/import cost fluctuation,Foot traffic count; Agricultural output in surrounding region
BUS00622,Handicraft Exporter - Unit 0622,21.2,B2B - Regional Distributors,Single supplier - high dependency,Year-end/New Year spike,Perishable inventory spoilage; Seasonal cash flow gaps,Local employment rate; Local construction/real estate activity
BUS00623,Tutoring Center - Unit 0623,22.6,Retail - Repeat/Loyalty,Diversified supplier base - low dependency,Summer peak (Apr-Jun),Raw material price volatility; Delayed customer payments (B2B),Average transaction value trend; School/college enrollment nearby; Agricultural output in surrounding region
BUS00624,Auto Repair Shop - Unit 0624,3.3,B2B - Regional Distributors,Diversified supplier base - low dependency,"Back-to-school peak (Jun, Jan)",Power/utility disruptions; Seasonal cash flow gaps; Limited access to working capital credit,Local construction/real estate activity; Online order volume trend
BUS00625,Agri Input Dealer - Unit 0625,5.5,B2B - Regional Distributors,Self-sourced/in-house production,Summer peak (Apr-Jun),Seasonal cash flow gaps; Raw material price volatility; Perishable inventory spoilage,Online order volume trend; Local construction/real estate activity; Average transaction value trend
BUS00626,Handicraft Exporter - Unit 0626,2.8,Mixed Retail & Wholesale,Single supplier - high dependency,High demand Oct-Dec (festive season),Seasonal cash flow gaps; Regulatory/licensing compliance burden; Power/utility disruptions,Agricultural output in surrounding region; Local employment rate
BUS00627,Cloud Kitchen - Unit 0627,10.9,Institutional (Schools/Offices),Single supplier - high dependency,Stable year-round demand,Raw material price volatility; Regulatory/licensing compliance burden,Average transaction value trend; Competitor density in radius
BUS00628,Cafe - Unit 0628,27.1,Retail - Walk-in,Single supplier - high dependency,"Back-to-school peak (Jun, Jan)",Perishable inventory spoilage; Power/utility disruptions; Regulatory/licensing compliance burden,Social media engagement/reviews; Foot traffic count
BUS00629,Bookstore - Unit 0629,1.8,Government/Institutional Contracts,Self-sourced/in-house production,Wedding season peak (Nov-Feb),Seasonal cash flow gaps; Dependence on single supplier; Regulatory/licensing compliance burden,Local population growth; Seasonal festival calendar; Repeat customer rate
BUS00630,Furniture Store - Unit 0630,0.6,Mixed Retail & Wholesale,Diversified supplier base - low dependency,Wedding season peak (Nov-Feb),Perishable inventory spoilage; Limited access to working capital credit; Logistics and last-mile delivery cost,Social media engagement/reviews; Competitor density in radius; Local employment rate
BUS00631,Packaging Unit - Unit 0631,1.9,Mixed Retail & Wholesale,2-3 suppliers - moderate dependency,"Low seasonality, weekday/weekend variation only",Raw material price volatility; High employee attrition; Seasonal cash flow gaps,Online order volume trend; Local population growth
BUS00632,Pharmacy - Unit 0632,13.6,Mixed Retail & Wholesale,Self-sourced/in-house production,Stable year-round demand,Raw material price volatility; Competition from larger chains; Regulatory/licensing compliance burden,Average transaction value trend; Agricultural output in surrounding region; Repeat customer rate
BUS00633,Plastic Goods Manufacturer - Unit 0633,1.7,Retail - Repeat/Loyalty,2-3 suppliers - moderate dependency,"Back-to-school peak (Jun, Jan)",Seasonal cash flow gaps; Delayed customer payments (B2B),Local construction/real estate activity; School/college enrollment nearby; Agricultural output in surrounding region
BUS00634,Clothing Boutique - Unit 0634,30,Retail - Walk-in,Seasonal supplier contracts,Summer peak (Apr-Jun),Dependence on single supplier; High employee attrition; Competition from larger chains,Competitor density in radius; Foot traffic count
BUS00635,Dairy & Milk Supplier - Unit 0635,1,Retail - Repeat/Loyalty,Diversified supplier base - low dependency,Summer peak (Apr-Jun),Dependence on single supplier; Competition from larger chains,Average transaction value trend; School/college enrollment nearby; Seasonal festival calendar
BUS00636,Cafe - Unit 0636,0.5,Retail - Walk-in,Import-dependent supply chain,Year-end/New Year spike,Limited access to working capital credit; Logistics and last-mile delivery cost; Seasonal cash flow gaps,Foot traffic count; School/college enrollment nearby
BUS00637,Dairy & Milk Supplier - Unit 0637,7.8,Retail - Repeat/Loyalty,Seasonal supplier contracts,Harvest-season dependent,Power/utility disruptions; Perishable inventory spoilage,Online order volume trend; Local employment rate
BUS00638,Restaurant - Unit 0638,0.6,B2B - Local Businesses,Self-sourced/in-house production,Harvest-season dependent,Currency/import cost fluctuation; Limited access to working capital credit; Seasonal cash flow gaps,Seasonal festival calendar; Average transaction value trend
BUS00639,Event Planning Service - Unit 0639,10.9,Institutional (Schools/Offices),Import-dependent supply chain,Summer peak (Apr-Jun),Currency/import cost fluctuation; Dependence on single supplier; Regulatory/licensing compliance burden,Average transaction value trend; Agricultural output in surrounding region
BUS00640,Packaging Unit - Unit 0640,9.9,Wholesale Bulk Buyers,Single supplier - high dependency,Harvest-season dependent,Logistics and last-mile delivery cost; Seasonal cash flow gaps; Power/utility disruptions,Repeat customer rate; Foot traffic count; Social media engagement/reviews
BUS00641,Furniture Store - Unit 0641,16.1,B2B - Local Businesses,Self-sourced/in-house production,"Low seasonality, weekday/weekend variation only",Perishable inventory spoilage; Competition from larger chains,Repeat customer rate; Average transaction value trend; Seasonal festival calendar
BUS00642,Salon & Spa - Unit 0642,2.1,Institutional (Schools/Offices),2-3 suppliers - moderate dependency,"Low seasonality, weekday/weekend variation only",Perishable inventory spoilage; Logistics and last-mile delivery cost; Raw material price volatility,Foot traffic count; Social media engagement/reviews
BUS00643,Auto Repair Shop - Unit 0643,19.4,Retail - Repeat/Loyalty,Self-sourced/in-house production,"Back-to-school peak (Jun, Jan)",Perishable inventory spoilage; Logistics and last-mile delivery cost; Dependence on single supplier,Repeat customer rate; School/college enrollment nearby
BUS00644,Print & Copy Shop - Unit 0644,2.2,Wholesale Bulk Buyers,Single supplier - high dependency,Stable year-round demand,Limited access to working capital credit; Perishable inventory spoilage; Regulatory/licensing compliance burden,School/college enrollment nearby; Average transaction value trend; Local construction/real estate activity
BUS00645,Event Planning Service - Unit 0645,4.7,B2B - Local Businesses,2-3 suppliers - moderate dependency,Summer peak (Apr-Jun),Limited access to working capital credit; Logistics and last-mile delivery cost,School/college enrollment nearby; Repeat customer rate; Local employment rate
BUS00646,Textile Manufacturer - Unit 0646,0.4,Retail - Repeat/Loyalty,Single supplier - high dependency,Summer peak (Apr-Jun),Competition from larger chains; Power/utility disruptions; Logistics and last-mile delivery cost,Seasonal festival calendar; Local construction/real estate activity; School/college enrollment nearby
BUS00647,Stationery Shop - Unit 0647,11.2,Retail - Repeat/Loyalty,2-3 suppliers - moderate dependency,Summer peak (Apr-Jun),High employee attrition; Dependence on single supplier,Agricultural output in surrounding region; Online order volume trend
BUS00648,Plastic Goods Manufacturer - Unit 0648,0.4,B2B - Local Businesses,Import-dependent supply chain,Monsoon-dependent (Jun-Sep),Currency/import cost fluctuation; Delayed customer payments (B2B); High employee attrition,Seasonal festival calendar; Average transaction value trend
BUS00649,Salon & Spa - Unit 0649,14.5,Retail - Repeat/Loyalty,2-3 suppliers - moderate dependency,Summer peak (Apr-Jun),Competition from larger chains; Limited access to working capital credit; Raw material price volatility,Local construction/real estate activity; Online order volume trend; School/college enrollment nearby
BUS00650,Dairy & Milk Supplier - Unit 0650,28.3,Wholesale Bulk Buyers,Single supplier - high dependency,Wedding season peak (Nov-Feb),Dependence on single supplier; Currency/import cost fluctuation,Local employment rate; Average transaction value trend; Local construction/real estate activity
BUS00651,Cafe - Unit 0651,24,Retail - Walk-in,Self-sourced/in-house production,Harvest-season dependent,Delayed customer payments (B2B); Logistics and last-mile delivery cost; Currency/import cost fluctuation,Online order volume trend; Foot traffic count; Social media engagement/reviews
BUS00652,Kirana Store - Unit 0652,10.3,Government/Institutional Contracts,Single supplier - high dependency,"Back-to-school peak (Jun, Jan)",Competition from larger chains; Dependence on single supplier; Limited access to working capital credit,Average transaction value trend; Local employment rate; Foot traffic count
BUS00653,Electronics Retailer - Unit 0653,5.5,Mixed Retail & Wholesale,Diversified supplier base - low dependency,Year-end/New Year spike,Delayed customer payments (B2B); High employee attrition,Local construction/real estate activity; School/college enrollment nearby; Average transaction value trend
BUS00654,Salon & Spa - Unit 0654,5.4,Wholesale Bulk Buyers,Self-sourced/in-house production,Wedding season peak (Nov-Feb),Seasonal cash flow gaps; Logistics and last-mile delivery cost; High employee attrition,Agricultural output in surrounding region; Repeat customer rate; Average transaction value trend
BUS00655,Salon & Spa - Unit 0655,1.8,Mixed Retail & Wholesale,Single supplier - high dependency,Harvest-season dependent,Perishable inventory spoilage; High employee attrition; Currency/import cost fluctuation,Foot traffic count; Competitor density in radius
BUS00656,Packaging Unit - Unit 0656,4.7,B2B - Local Businesses,2-3 suppliers - moderate dependency,"Low seasonality, weekday/weekend variation only",Dependence on single supplier; Regulatory/licensing compliance burden,Repeat customer rate; Local construction/real estate activity; Online order volume trend
BUS00657,Auto Repair Shop - Unit 0657,17.8,Institutional (Schools/Offices),Diversified supplier base - low dependency,Wedding season peak (Nov-Feb),Delayed customer payments (B2B); Perishable inventory spoilage,Agricultural output in surrounding region; Social media engagement/reviews
BUS00658,Cafe - Unit 0658,1.1,Mixed Retail & Wholesale,Self-sourced/in-house production,Stable year-round demand,Logistics and last-mile delivery cost; Limited access to working capital credit,Social media engagement/reviews; Foot traffic count
BUS00659,Grocery Wholesaler - Unit 0659,0.9,Retail - Repeat/Loyalty,2-3 suppliers - moderate dependency,Wedding season peak (Nov-Feb),Limited access to working capital credit; Perishable inventory spoilage,Social media engagement/reviews; Average transaction value trend; Repeat customer rate
BUS00660,Salon & Spa - Unit 0660,6.5,B2B - Local Businesses,Single supplier - high dependency,Monsoon-dependent (Jun-Sep),Power/utility disruptions; Raw material price volatility; High employee attrition,Competitor density in radius; Seasonal festival calendar; Social media engagement/reviews
BUS00661,Electronics Retailer - Unit 0661,0.9,Wholesale Bulk Buyers,Diversified supplier base - low dependency,Monsoon-dependent (Jun-Sep),Delayed customer payments (B2B); Power/utility disruptions,Local population growth; Local employment rate
BUS00662,Tutoring Center - Unit 0662,11.6,Government/Institutional Contracts,Import-dependent supply chain,Wedding season peak (Nov-Feb),Competition from larger chains; Seasonal cash flow gaps,Agricultural output in surrounding region; Social media engagement/reviews
BUS00663,Restaurant - Unit 0663,0.9,Wholesale Bulk Buyers,2-3 suppliers - moderate dependency,Harvest-season dependent,Power/utility disruptions; Raw material price volatility,Local construction/real estate activity; Foot traffic count
BUS00664,Vegetable Vendor - Unit 0664,23.8,Wholesale Bulk Buyers,Self-sourced/in-house production,"Low seasonality, weekday/weekend variation only",Limited access to working capital credit; Regulatory/licensing compliance burden; Currency/import cost fluctuation,Seasonal festival calendar; Social media engagement/reviews
BUS00665,Cafe - Unit 0665,2.2,Mixed Retail & Wholesale,Import-dependent supply chain,Monsoon-dependent (Jun-Sep),Limited access to working capital credit; Regulatory/licensing compliance burden; Power/utility disruptions,Seasonal festival calendar; Repeat customer rate
BUS00666,Pharmacy - Unit 0666,18.7,B2B - Local Businesses,Seasonal supplier contracts,"Low seasonality, weekday/weekend variation only",High employee attrition; Dependence on single supplier; Delayed customer payments (B2B),Social media engagement/reviews; Competitor density in radius; Local population growth
BUS00667,Kirana Store - Unit 0667,0.6,Government/Institutional Contracts,Seasonal supplier contracts,"Back-to-school peak (Jun, Jan)",Perishable inventory spoilage; Power/utility disruptions,Agricultural output in surrounding region; Foot traffic count
BUS00668,Agri Input Dealer - Unit 0668,6.3,Government/Institutional Contracts,Diversified supplier base - low dependency,Stable year-round demand,Currency/import cost fluctuation; Dependence on single supplier,Seasonal festival calendar; Local construction/real estate activity; Foot traffic count
BUS00669,Print & Copy Shop - Unit 0669,8.4,Government/Institutional Contracts,Seasonal supplier contracts,Monsoon-dependent (Jun-Sep),Perishable inventory spoilage; Limited access to working capital credit; Logistics and last-mile delivery cost,Agricultural output in surrounding region; Local employment rate
BUS00670,Grocery Wholesaler - Unit 0670,2.5,Government/Institutional Contracts,Seasonal supplier contracts,Monsoon-dependent (Jun-Sep),Competition from larger chains; Dependence on single supplier; Seasonal cash flow gaps,Local employment rate; Repeat customer rate; School/college enrollment nearby
BUS00671,Pharmacy - Unit 0671,11.6,Mixed Retail & Wholesale,2-3 suppliers - moderate dependency,Year-end/New Year spike,Regulatory/licensing compliance burden; Currency/import cost fluctuation,Local construction/real estate activity; Social media engagement/reviews; School/college enrollment nearby
BUS00672,Photography Studio - Unit 0672,11.5,Mixed Retail & Wholesale,Import-dependent supply chain,Harvest-season dependent,Limited access to working capital credit; Competition from larger chains; Power/utility disruptions,Local population growth; Social media engagement/reviews
BUS00673,Salon & Spa - Unit 0673,16.3,B2B - Local Businesses,Import-dependent supply chain,"Low seasonality, weekday/weekend variation only",Limited access to working capital credit; High employee attrition,Average transaction value trend; Foot traffic count; Local population growth
BUS00674,Textile Manufacturer - Unit 0674,8.2,Retail - Repeat/Loyalty,Seasonal supplier contracts,Harvest-season dependent,Dependence on single supplier; Regulatory/licensing compliance burden,Foot traffic count; Social media engagement/reviews; Local population growth
BUS00675,Auto Repair Shop - Unit 0675,6.5,Online/E-commerce,Diversified supplier base - low dependency,"Back-to-school peak (Jun, Jan)",Raw material price volatility; Seasonal cash flow gaps; Currency/import cost fluctuation,Foot traffic count; Seasonal festival calendar; School/college enrollment nearby
BUS00676,Clothing Boutique - Unit 0676,2.3,Mixed Retail & Wholesale,Single supplier - high dependency,Stable year-round demand,Dependence on single supplier; Raw material price volatility; Power/utility disruptions,Local construction/real estate activity; Seasonal festival calendar; Agricultural output in surrounding region
BUS00677,Print & Copy Shop - Unit 0677,7.8,Mixed Retail & Wholesale,Import-dependent supply chain,Summer peak (Apr-Jun),Delayed customer payments (B2B); Currency/import cost fluctuation,Average transaction value trend; School/college enrollment nearby; Agricultural output in surrounding region
BUS00678,Salon & Spa - Unit 0678,5.9,Wholesale Bulk Buyers,Self-sourced/in-house production,Monsoon-dependent (Jun-Sep),Regulatory/licensing compliance burden; Delayed customer payments (B2B); Raw material price volatility,Agricultural output in surrounding region; Seasonal festival calendar; Repeat customer rate
BUS00679,Plastic Goods Manufacturer - Unit 0679,2.2,Institutional (Schools/Offices),Seasonal supplier contracts,Stable year-round demand,High employee attrition; Logistics and last-mile delivery cost,Local construction/real estate activity; Social media engagement/reviews
BUS00680,Clothing Boutique - Unit 0680,15,Retail - Walk-in,Single supplier - high dependency,"Low seasonality, weekday/weekend variation only",Raw material price volatility; Perishable inventory spoilage,Online order volume trend; Local construction/real estate activity
BUS00681,Print & Copy Shop - Unit 0681,1.1,Online/E-commerce,Self-sourced/in-house production,High demand Oct-Dec (festive season),Raw material price volatility; Regulatory/licensing compliance burden; Power/utility disruptions,Local employment rate; Foot traffic count
BUS00682,Plastic Goods Manufacturer - Unit 0682,18.5,Institutional (Schools/Offices),Single supplier - high dependency,Stable year-round demand,Delayed customer payments (B2B); Seasonal cash flow gaps,Local population growth; Agricultural output in surrounding region; Seasonal festival calendar
BUS00683,Photography Studio - Unit 0683,0.9,Wholesale Bulk Buyers,Import-dependent supply chain,Summer peak (Apr-Jun),Logistics and last-mile delivery cost; Regulatory/licensing compliance burden,Foot traffic count; Agricultural output in surrounding region
BUS00684,Dairy & Milk Supplier - Unit 0684,8.4,B2B - Local Businesses,Self-sourced/in-house production,Wedding season peak (Nov-Feb),Power/utility disruptions; Dependence on single supplier; Raw material price volatility,Online order volume trend; Local construction/real estate activity
BUS00685,Bookstore - Unit 0685,3,Government/Institutional Contracts,Self-sourced/in-house production,Stable year-round demand,Raw material price volatility; Regulatory/licensing compliance burden; Competition from larger chains,Repeat customer rate; Average transaction value trend; Foot traffic count
BUS00686,Tutoring Center - Unit 0686,3.5,Retail - Walk-in,Diversified supplier base - low dependency,"Low seasonality, weekday/weekend variation only",High employee attrition; Delayed customer payments (B2B),Seasonal festival calendar; Local construction/real estate activity
BUS00687,Tutoring Center - Unit 0687,12.5,Government/Institutional Contracts,2-3 suppliers - moderate dependency,Summer peak (Apr-Jun),Delayed customer payments (B2B); Seasonal cash flow gaps; High employee attrition,Social media engagement/reviews; Average transaction value trend; Foot traffic count
BUS00688,Kirana Store - Unit 0688,17.8,Institutional (Schools/Offices),Import-dependent supply chain,Summer peak (Apr-Jun),Raw material price volatility; Competition from larger chains,Local construction/real estate activity; Seasonal festival calendar; Local employment rate
BUS00689,Stationery Shop - Unit 0689,3.1,Government/Institutional Contracts,Diversified supplier base - low dependency,High demand Oct-Dec (festive season),Limited access to working capital credit; Delayed customer payments (B2B),Seasonal festival calendar; Repeat customer rate
BUS00690,Fitness Studio - Unit 0690,1.1,Government/Institutional Contracts,Diversified supplier base - low dependency,Harvest-season dependent,Logistics and last-mile delivery cost; Delayed customer payments (B2B),School/college enrollment nearby; Competitor density in radius; Seasonal festival calendar
BUS00691,Photography Studio - Unit 0691,13.6,Online/E-commerce,Diversified supplier base - low dependency,Monsoon-dependent (Jun-Sep),Logistics and last-mile delivery cost; Regulatory/licensing compliance burden; Raw material price volatility,School/college enrollment nearby; Foot traffic count
BUS00692,Cafe - Unit 0692,12,Retail - Walk-in,Import-dependent supply chain,Summer peak (Apr-Jun),Delayed customer payments (B2B); Competition from larger chains; Power/utility disruptions,School/college enrollment nearby; Agricultural output in surrounding region
BUS00693,Restaurant - Unit 0693,16.2,Mixed Retail & Wholesale,Import-dependent supply chain,Stable year-round demand,Power/utility disruptions; Logistics and last-mile delivery cost; Regulatory/licensing compliance burden,Local population growth; Foot traffic count; Repeat customer rate
BUS00694,Print & Copy Shop - Unit 0694,8.2,Mixed Retail & Wholesale,Single supplier - high dependency,Monsoon-dependent (Jun-Sep),Perishable inventory spoilage; Currency/import cost fluctuation,Online order volume trend; Repeat customer rate; Local construction/real estate activity
BUS00695,Vegetable Vendor - Unit 0695,5.6,B2B - Regional Distributors,2-3 suppliers - moderate dependency,Year-end/New Year spike,Raw material price volatility; Perishable inventory spoilage; Competition from larger chains,Foot traffic count; Online order volume trend
BUS00696,Agri Input Dealer - Unit 0696,8.4,Institutional (Schools/Offices),Seasonal supplier contracts,"Low seasonality, weekday/weekend variation only",Seasonal cash flow gaps; Delayed customer payments (B2B); High employee attrition,Repeat customer rate; Local construction/real estate activity
BUS00697,Salon & Spa - Unit 0697,0.9,B2B - Regional Distributors,Seasonal supplier contracts,"Back-to-school peak (Jun, Jan)",Currency/import cost fluctuation; Raw material price volatility,School/college enrollment nearby; Social media engagement/reviews; Average transaction value trend
BUS00698,Kirana Store - Unit 0698,10.6,Retail - Walk-in,Diversified supplier base - low dependency,Harvest-season dependent,Perishable inventory spoilage; Dependence on single supplier; Delayed customer payments (B2B),Average transaction value trend; Competitor density in radius; Social media engagement/reviews
BUS00699,Photography Studio - Unit 0699,0.6,B2B - Regional Distributors,Single supplier - high dependency,"Back-to-school peak (Jun, Jan)",Delayed customer payments (B2B); Competition from larger chains; Regulatory/licensing compliance burden,Local employment rate; Online order volume trend
BUS00700,Furniture Store - Unit 0700,1.2,Retail - Walk-in,Import-dependent supply chain,Monsoon-dependent (Jun-Sep),Dependence on single supplier; High employee attrition; Currency/import cost fluctuation,Competitor density in radius; Seasonal festival calendar
BUS00701,Restaurant - Unit 0701,0.8,Wholesale Bulk Buyers,Single supplier - high dependency,Wedding season peak (Nov-Feb),High employee attrition; Dependence on single supplier; Competition from larger chains,Competitor density in radius; Foot traffic count
BUS00702,Agri Input Dealer - Unit 0702,7.1,B2B - Regional Distributors,Single supplier - high dependency,Year-end/New Year spike,Currency/import cost fluctuation; Competition from larger chains,Repeat customer rate; Foot traffic count
BUS00703,Handicraft Exporter - Unit 0703,0.5,Retail - Repeat/Loyalty,2-3 suppliers - moderate dependency,High demand Oct-Dec (festive season),Raw material price volatility; Perishable inventory spoilage; Logistics and last-mile delivery cost,Repeat customer rate; Agricultural output in surrounding region; Foot traffic count
BUS00704,Textile Manufacturer - Unit 0704,0.5,Wholesale Bulk Buyers,Self-sourced/in-house production,Stable year-round demand,High employee attrition; Logistics and last-mile delivery cost; Currency/import cost fluctuation,Average transaction value trend; Local employment rate
BUS00705,Print & Copy Shop - Unit 0705,11.5,Retail - Repeat/Loyalty,Diversified supplier base - low dependency,High demand Oct-Dec (festive season),Delayed customer payments (B2B); Regulatory/licensing compliance burden; Logistics and last-mile delivery cost,Repeat customer rate; Agricultural output in surrounding region
BUS00706,Kirana Store - Unit 0706,27.1,B2B - Regional Distributors,Seasonal supplier contracts,Summer peak (Apr-Jun),Regulatory/licensing compliance burden; Power/utility disruptions; Competition from larger chains,Local population growth; Online order volume trend; Agricultural output in surrounding region
BUS00707,Event Planning Service - Unit 0707,0.4,Institutional (Schools/Offices),Seasonal supplier contracts,Harvest-season dependent,Perishable inventory spoilage; Logistics and last-mile delivery cost; Delayed customer payments (B2B),Local population growth; Average transaction value trend
BUS00708,Dairy & Milk Supplier - Unit 0708,23.4,Online/E-commerce,Single supplier - high dependency,"Low seasonality, weekday/weekend variation only",Raw material price volatility; High employee attrition,Local employment rate; Competitor density in radius
BUS00709,Clothing Boutique - Unit 0709,3.2,B2B - Regional Distributors,Single supplier - high dependency,Wedding season peak (Nov-Feb),Currency/import cost fluctuation; Competition from larger chains,Local construction/real estate activity; Competitor density in radius; Agricultural output in surrounding region
BUS00710,Bookstore - Unit 0710,7.3,Wholesale Bulk Buyers,Diversified supplier base - low dependency,Summer peak (Apr-Jun),Competition from larger chains; Raw material price volatility,Online order volume trend; Foot traffic count; Agricultural output in surrounding region
BUS00711,Cloud Kitchen - Unit 0711,3,B2B - Regional Distributors,2-3 suppliers - moderate dependency,Year-end/New Year spike,Limited access to working capital credit; Power/utility disruptions; High employee attrition,Local population growth; Foot traffic count; Competitor density in radius
BUS00712,Kirana Store - Unit 0712,0.9,Government/Institutional Contracts,Single supplier - high dependency,Summer peak (Apr-Jun),Competition from larger chains; High employee attrition; Logistics and last-mile delivery cost,Foot traffic count; Agricultural output in surrounding region; Online order volume trend
BUS00713,Clothing Boutique - Unit 0713,4.3,Institutional (Schools/Offices),Import-dependent supply chain,Summer peak (Apr-Jun),Delayed customer payments (B2B); High employee attrition; Seasonal cash flow gaps,Foot traffic count; Local population growth
BUS00714,Agri Input Dealer - Unit 0714,5.8,Retail - Walk-in,Import-dependent supply chain,Summer peak (Apr-Jun),Currency/import cost fluctuation; Dependence on single supplier; Regulatory/licensing compliance burden,Seasonal festival calendar; Average transaction value trend
BUS00715,Bakery - Unit 0715,7.9,B2B - Local Businesses,Seasonal supplier contracts,Harvest-season dependent,Dependence on single supplier; Seasonal cash flow gaps,Online order volume trend; Agricultural output in surrounding region
BUS00716,Textile Manufacturer - Unit 0716,10.8,Online/E-commerce,Seasonal supplier contracts,Harvest-season dependent,Raw material price volatility; Logistics and last-mile delivery cost,Social media engagement/reviews; Seasonal festival calendar
BUS00717,Event Planning Service - Unit 0717,1.9,Retail - Walk-in,Import-dependent supply chain,"Back-to-school peak (Jun, Jan)",Delayed customer payments (B2B); Logistics and last-mile delivery cost,Online order volume trend; Repeat customer rate; Average transaction value trend
BUS00718,Event Planning Service - Unit 0718,20.6,Government/Institutional Contracts,Self-sourced/in-house production,"Low seasonality, weekday/weekend variation only",Competition from larger chains; Delayed customer payments (B2B); Limited access to working capital credit,Competitor density in radius; Agricultural output in surrounding region
BUS00719,Grocery Wholesaler - Unit 0719,16.3,Mixed Retail & Wholesale,Self-sourced/in-house production,"Back-to-school peak (Jun, Jan)",Currency/import cost fluctuation; Logistics and last-mile delivery cost; Raw material price volatility,Online order volume trend; Agricultural output in surrounding region
BUS00720,Print & Copy Shop - Unit 0720,2.9,Institutional (Schools/Offices),Self-sourced/in-house production,Harvest-season dependent,Regulatory/licensing compliance burden; Perishable inventory spoilage,Local population growth; Repeat customer rate
BUS00721,Dairy & Milk Supplier - Unit 0721,15.1,B2B - Regional Distributors,Seasonal supplier contracts,High demand Oct-Dec (festive season),Delayed customer payments (B2B); Logistics and last-mile delivery cost; Regulatory/licensing compliance burden,Average transaction value trend; Agricultural output in surrounding region; Local employment rate
BUS00722,Tutoring Center - Unit 0722,7.9,Online/E-commerce,Diversified supplier base - low dependency,Harvest-season dependent,Seasonal cash flow gaps; Competition from larger chains,Seasonal festival calendar; School/college enrollment nearby
BUS00723,Restaurant - Unit 0723,8.1,Institutional (Schools/Offices),Seasonal supplier contracts,"Low seasonality, weekday/weekend variation only",Perishable inventory spoilage; High employee attrition,Repeat customer rate; Agricultural output in surrounding region
BUS00724,Stationery Shop - Unit 0724,0.5,Online/E-commerce,2-3 suppliers - moderate dependency,Wedding season peak (Nov-Feb),Perishable inventory spoilage; Currency/import cost fluctuation; Limited access to working capital credit,Agricultural output in surrounding region; Local construction/real estate activity
BUS00725,Salon & Spa - Unit 0725,23.3,Retail - Walk-in,Diversified supplier base - low dependency,"Back-to-school peak (Jun, Jan)",Power/utility disruptions; Limited access to working capital credit; Logistics and last-mile delivery cost,Average transaction value trend; School/college enrollment nearby
BUS00726,Grocery Wholesaler - Unit 0726,2.3,B2B - Regional Distributors,2-3 suppliers - moderate dependency,Monsoon-dependent (Jun-Sep),High employee attrition; Delayed customer payments (B2B); Logistics and last-mile delivery cost,Agricultural output in surrounding region; Average transaction value trend; Competitor density in radius
BUS00727,Event Planning Service - Unit 0727,0.9,B2B - Regional Distributors,Self-sourced/in-house production,Harvest-season dependent,Competition from larger chains; Limited access to working capital credit,Competitor density in radius; Local population growth
BUS00728,Bookstore - Unit 0728,1.8,Retail - Walk-in,Self-sourced/in-house production,Wedding season peak (Nov-Feb),High employee attrition; Power/utility disruptions; Currency/import cost fluctuation,Agricultural output in surrounding region; Social media engagement/reviews; Seasonal festival calendar
BUS00729,Furniture Store - Unit 0729,20.2,Retail - Walk-in,2-3 suppliers - moderate dependency,Summer peak (Apr-Jun),Logistics and last-mile delivery cost; Currency/import cost fluctuation; Limited access to working capital credit,Local employment rate; Online order volume trend; Agricultural output in surrounding region
BUS00730,Restaurant - Unit 0730,19.1,Mixed Retail & Wholesale,Single supplier - high dependency,Wedding season peak (Nov-Feb),Currency/import cost fluctuation; Perishable inventory spoilage; Dependence on single supplier,Repeat customer rate; School/college enrollment nearby
BUS00731,Textile Manufacturer - Unit 0731,1.6,Mixed Retail & Wholesale,Single supplier - high dependency,Summer peak (Apr-Jun),Dependence on single supplier; Power/utility disruptions,Online order volume trend; Agricultural output in surrounding region; Seasonal festival calendar
BUS00732,Sweet Shop - Unit 0732,16.6,Retail - Walk-in,Diversified supplier base - low dependency,"Low seasonality, weekday/weekend variation only",Seasonal cash flow gaps; Regulatory/licensing compliance burden,Local employment rate; Local population growth; Repeat customer rate
BUS00733,Salon & Spa - Unit 0733,19.3,Retail - Repeat/Loyalty,Self-sourced/in-house production,Monsoon-dependent (Jun-Sep),High employee attrition; Perishable inventory spoilage,Agricultural output in surrounding region; School/college enrollment nearby; Average transaction value trend
BUS00734,Electronics Retailer - Unit 0734,25.8,Institutional (Schools/Offices),Seasonal supplier contracts,Monsoon-dependent (Jun-Sep),Perishable inventory spoilage; High employee attrition; Raw material price volatility,Average transaction value trend; Repeat customer rate
BUS00735,Agri Input Dealer - Unit 0735,10.4,B2B - Regional Distributors,Seasonal supplier contracts,Wedding season peak (Nov-Feb),Competition from larger chains; Limited access to working capital credit; Logistics and last-mile delivery cost,Agricultural output in surrounding region; Repeat customer rate
BUS00736,Dairy & Milk Supplier - Unit 0736,14.1,Institutional (Schools/Offices),Self-sourced/in-house production,Summer peak (Apr-Jun),High employee attrition; Seasonal cash flow gaps; Logistics and last-mile delivery cost,Average transaction value trend; Local employment rate; Local population growth
BUS00737,Cloud Kitchen - Unit 0737,21,Retail - Walk-in,2-3 suppliers - moderate dependency,Summer peak (Apr-Jun),Currency/import cost fluctuation; Delayed customer payments (B2B); Perishable inventory spoilage,Agricultural output in surrounding region; Online order volume trend
BUS00738,Handicraft Exporter - Unit 0738,14.5,Government/Institutional Contracts,Single supplier - high dependency,Wedding season peak (Nov-Feb),Dependence on single supplier; Delayed customer payments (B2B),Local employment rate; Average transaction value trend; Local population growth
BUS00739,Hardware Store - Unit 0739,3,Mixed Retail & Wholesale,Single supplier - high dependency,Stable year-round demand,Power/utility disruptions; Regulatory/licensing compliance burden; Limited access to working capital credit,Local employment rate; Foot traffic count
BUS00740,Kirana Store - Unit 0740,4.2,B2B - Local Businesses,Diversified supplier base - low dependency,Year-end/New Year spike,Competition from larger chains; Dependence on single supplier; Currency/import cost fluctuation,Agricultural output in surrounding region; Average transaction value trend
BUS00741,Salon & Spa - Unit 0741,16.9,B2B - Local Businesses,2-3 suppliers - moderate dependency,High demand Oct-Dec (festive season),Seasonal cash flow gaps; Perishable inventory spoilage,Social media engagement/reviews; Local employment rate
BUS00742,Electronics Retailer - Unit 0742,1.1,Retail - Walk-in,Import-dependent supply chain,"Back-to-school peak (Jun, Jan)",Competition from larger chains; Regulatory/licensing compliance burden,Online order volume trend; Foot traffic count
BUS00743,Packaging Unit - Unit 0743,17.7,Retail - Walk-in,Import-dependent supply chain,"Low seasonality, weekday/weekend variation only",Power/utility disruptions; Perishable inventory spoilage,Foot traffic count; Local construction/real estate activity; Agricultural output in surrounding region
BUS00744,Pharmacy - Unit 0744,11.1,B2B - Regional Distributors,Diversified supplier base - low dependency,Monsoon-dependent (Jun-Sep),Dependence on single supplier; Raw material price volatility,Foot traffic count; Agricultural output in surrounding region; Competitor density in radius
BUS00745,Agri Input Dealer - Unit 0745,3.2,Retail - Repeat/Loyalty,2-3 suppliers - moderate dependency,Stable year-round demand,Limited access to working capital credit; Seasonal cash flow gaps,Local employment rate; Social media engagement/reviews
BUS00746,Auto Repair Shop - Unit 0746,6.5,B2B - Regional Distributors,Seasonal supplier contracts,Monsoon-dependent (Jun-Sep),Power/utility disruptions; Dependence on single supplier; High employee attrition,Repeat customer rate; Competitor density in radius
BUS00747,Furniture Store - Unit 0747,1.6,Online/E-commerce,Single supplier - high dependency,Harvest-season dependent,Competition from larger chains; High employee attrition,School/college enrollment nearby; Seasonal festival calendar
BUS00748,Vegetable Vendor - Unit 0748,23.7,Retail - Repeat/Loyalty,2-3 suppliers - moderate dependency,Harvest-season dependent,Logistics and last-mile delivery cost; Competition from larger chains; Dependence on single supplier,Seasonal festival calendar; Repeat customer rate
BUS00749,Cafe - Unit 0749,8.3,Wholesale Bulk Buyers,Import-dependent supply chain,Summer peak (Apr-Jun),Seasonal cash flow gaps; Currency/import cost fluctuation; Regulatory/licensing compliance burden,Repeat customer rate; Competitor density in radius; Foot traffic count
BUS00750,Cafe - Unit 0750,24.5,Government/Institutional Contracts,Import-dependent supply chain,Monsoon-dependent (Jun-Sep),High employee attrition; Raw material price volatility,Seasonal festival calendar; Online order volume trend
BUS00751,Laundry Service - Unit 0751,11,Retail - Repeat/Loyalty,Single supplier - high dependency,Summer peak (Apr-Jun),Competition from larger chains; Perishable inventory spoilage; High employee attrition,Local employment rate; Online order volume trend
BUS00752,Vegetable Vendor - Unit 0752,0.4,Mixed Retail & Wholesale,Import-dependent supply chain,Wedding season peak (Nov-Feb),Perishable inventory spoilage; Regulatory/licensing compliance burden,Social media engagement/reviews; Local employment rate
BUS00753,Vegetable Vendor - Unit 0753,5.5,B2B - Regional Distributors,Import-dependent supply chain,Wedding season peak (Nov-Feb),High employee attrition; Limited access to working capital credit; Delayed customer payments (B2B),School/college enrollment nearby; Online order volume trend
BUS00754,Event Planning Service - Unit 0754,3.1,Wholesale Bulk Buyers,Seasonal supplier contracts,Wedding season peak (Nov-Feb),Competition from larger chains; Currency/import cost fluctuation,Repeat customer rate; Average transaction value trend
BUS00755,Restaurant - Unit 0755,2.5,B2B - Local Businesses,2-3 suppliers - moderate dependency,Summer peak (Apr-Jun),Seasonal cash flow gaps; Logistics and last-mile delivery cost,Online order volume trend; Social media engagement/reviews
BUS00756,Restaurant - Unit 0756,10.9,Institutional (Schools/Offices),2-3 suppliers - moderate dependency,Monsoon-dependent (Jun-Sep),Power/utility disruptions; Seasonal cash flow gaps,Seasonal festival calendar; Agricultural output in surrounding region
BUS00757,Bookstore - Unit 0757,17.8,B2B - Regional Distributors,Diversified supplier base - low dependency,Year-end/New Year spike,Regulatory/licensing compliance burden; Power/utility disruptions,Local population growth; Average transaction value trend; School/college enrollment nearby
BUS00758,Tutoring Center - Unit 0758,20.9,Wholesale Bulk Buyers,2-3 suppliers - moderate dependency,Year-end/New Year spike,Power/utility disruptions; Limited access to working capital credit,Seasonal festival calendar; Local construction/real estate activity
BUS00759,Textile Manufacturer - Unit 0759,2,B2B - Local Businesses,Diversified supplier base - low dependency,Harvest-season dependent,Perishable inventory spoilage; Competition from larger chains; Limited access to working capital credit,Social media engagement/reviews; Local construction/real estate activity; Average transaction value trend
BUS00760,Restaurant - Unit 0760,6,Mixed Retail & Wholesale,2-3 suppliers - moderate dependency,Summer peak (Apr-Jun),Raw material price volatility; Limited access to working capital credit,Average transaction value trend; Local employment rate; School/college enrollment nearby
BUS00761,Fitness Studio - Unit 0761,6.7,Institutional (Schools/Offices),Import-dependent supply chain,Stable year-round demand,Raw material price volatility; Dependence on single supplier; Power/utility disruptions,Online order volume trend; Local employment rate
BUS00762,Hardware Store - Unit 0762,7,Mixed Retail & Wholesale,Import-dependent supply chain,Wedding season peak (Nov-Feb),Currency/import cost fluctuation; Power/utility disruptions,Agricultural output in surrounding region; Online order volume trend; School/college enrollment nearby
BUS00763,Mobile Repair Shop - Unit 0763,0.6,Online/E-commerce,Import-dependent supply chain,High demand Oct-Dec (festive season),Perishable inventory spoilage; Logistics and last-mile delivery cost,School/college enrollment nearby; Local population growth; Seasonal festival calendar
BUS00764,Bakery - Unit 0764,25.8,B2B - Local Businesses,Single supplier - high dependency,Stable year-round demand,Currency/import cost fluctuation; Power/utility disruptions,Agricultural output in surrounding region; Local construction/real estate activity; Repeat customer rate
BUS00765,Grocery Wholesaler - Unit 0765,3.5,B2B - Local Businesses,Self-sourced/in-house production,"Back-to-school peak (Jun, Jan)",Delayed customer payments (B2B); Limited access to working capital credit; Power/utility disruptions,Agricultural output in surrounding region; Local employment rate; Repeat customer rate
BUS00766,Auto Repair Shop - Unit 0766,27.8,Online/E-commerce,2-3 suppliers - moderate dependency,"Back-to-school peak (Jun, Jan)",Limited access to working capital credit; Power/utility disruptions,Foot traffic count; Local population growth; Average transaction value trend
BUS00767,Kirana Store - Unit 0767,0.8,Wholesale Bulk Buyers,Seasonal supplier contracts,Harvest-season dependent,Limited access to working capital credit; Power/utility disruptions; Seasonal cash flow gaps,Competitor density in radius; Local population growth
BUS00768,Cloud Kitchen - Unit 0768,1.8,B2B - Local Businesses,Seasonal supplier contracts,Stable year-round demand,Logistics and last-mile delivery cost; High employee attrition; Seasonal cash flow gaps,Foot traffic count; Local population growth
BUS00769,Event Planning Service - Unit 0769,2.7,Wholesale Bulk Buyers,Self-sourced/in-house production,Stable year-round demand,Dependence on single supplier; Perishable inventory spoilage,Local employment rate; Repeat customer rate
BUS00770,Hardware Store - Unit 0770,0.9,B2B - Regional Distributors,Self-sourced/in-house production,Year-end/New Year spike,Raw material price volatility; Limited access to working capital credit,Foot traffic count; School/college enrollment nearby; Local construction/real estate activity
BUS00771,Event Planning Service - Unit 0771,0.4,Government/Institutional Contracts,Single supplier - high dependency,Harvest-season dependent,Competition from larger chains; Limited access to working capital credit; Regulatory/licensing compliance burden,Competitor density in radius; Agricultural output in surrounding region; School/college enrollment nearby
BUS00772,Furniture Store - Unit 0772,3.5,Wholesale Bulk Buyers,Self-sourced/in-house production,High demand Oct-Dec (festive season),Regulatory/licensing compliance burden; Dependence on single supplier; Raw material price volatility,Agricultural output in surrounding region; Local employment rate; Local population growth
BUS00773,Kirana Store - Unit 0773,21.2,Government/Institutional Contracts,Diversified supplier base - low dependency,Monsoon-dependent (Jun-Sep),Competition from larger chains; Logistics and last-mile delivery cost; Limited access to working capital credit,School/college enrollment nearby; Online order volume trend; Foot traffic count
BUS00774,Vegetable Vendor - Unit 0774,5.6,Online/E-commerce,Single supplier - high dependency,Wedding season peak (Nov-Feb),High employee attrition; Logistics and last-mile delivery cost; Competition from larger chains,Agricultural output in surrounding region; Local construction/real estate activity; Repeat customer rate
BUS00775,Stationery Shop - Unit 0775,11.8,Mixed Retail & Wholesale,Import-dependent supply chain,Stable year-round demand,Perishable inventory spoilage; Logistics and last-mile delivery cost; High employee attrition,Social media engagement/reviews; Local construction/real estate activity
BUS00776,Event Planning Service - Unit 0776,16.3,Mixed Retail & Wholesale,Single supplier - high dependency,"Back-to-school peak (Jun, Jan)",Seasonal cash flow gaps; Competition from larger chains; Dependence on single supplier,School/college enrollment nearby; Social media engagement/reviews; Online order volume trend
BUS00777,Bakery - Unit 0777,2.6,Retail - Repeat/Loyalty,Single supplier - high dependency,Harvest-season dependent,Seasonal cash flow gaps; Regulatory/licensing compliance burden,Seasonal festival calendar; Online order volume trend; Agricultural output in surrounding region
BUS00778,Sweet Shop - Unit 0778,17.7,Retail - Repeat/Loyalty,Import-dependent supply chain,Summer peak (Apr-Jun),Dependence on single supplier; Regulatory/licensing compliance burden; High employee attrition,School/college enrollment nearby; Competitor density in radius
BUS00779,Fitness Studio - Unit 0779,10.6,Government/Institutional Contracts,Self-sourced/in-house production,Monsoon-dependent (Jun-Sep),Perishable inventory spoilage; Dependence on single supplier,Repeat customer rate; Agricultural output in surrounding region; School/college enrollment nearby
BUS00780,Furniture Store - Unit 0780,29.4,Retail - Repeat/Loyalty,Seasonal supplier contracts,Wedding season peak (Nov-Feb),Regulatory/licensing compliance burden; Power/utility disruptions,Seasonal festival calendar; Foot traffic count
BUS00781,Bookstore - Unit 0781,17.5,Wholesale Bulk Buyers,Self-sourced/in-house production,Wedding season peak (Nov-Feb),Currency/import cost fluctuation; Seasonal cash flow gaps; Delayed customer payments (B2B),Repeat customer rate; Local employment rate
BUS00782,Kirana Store - Unit 0782,22.8,Online/E-commerce,2-3 suppliers - moderate dependency,"Back-to-school peak (Jun, Jan)",Competition from larger chains; Currency/import cost fluctuation,Local population growth; Local construction/real estate activity; Seasonal festival calendar
BUS00783,Salon & Spa - Unit 0783,0.5,Institutional (Schools/Offices),Seasonal supplier contracts,Stable year-round demand,Limited access to working capital credit; Logistics and last-mile delivery cost; Competition from larger chains,Average transaction value trend; Seasonal festival calendar
BUS00784,Cloud Kitchen - Unit 0784,8.2,Online/E-commerce,2-3 suppliers - moderate dependency,Monsoon-dependent (Jun-Sep),Limited access to working capital credit; Raw material price volatility,Average transaction value trend; Local employment rate
BUS00785,Dairy & Milk Supplier - Unit 0785,2.4,Government/Institutional Contracts,Self-sourced/in-house production,Wedding season peak (Nov-Feb),Currency/import cost fluctuation; Competition from larger chains; Regulatory/licensing compliance burden,Local employment rate; Repeat customer rate; Social media engagement/reviews
BUS00786,Laundry Service - Unit 0786,4.6,B2B - Regional Distributors,Import-dependent supply chain,"Low seasonality, weekday/weekend variation only",Dependence on single supplier; Seasonal cash flow gaps; Regulatory/licensing compliance burden,Agricultural output in surrounding region; Seasonal festival calendar
BUS00787,Print & Copy Shop - Unit 0787,2.1,Mixed Retail & Wholesale,Import-dependent supply chain,Year-end/New Year spike,Seasonal cash flow gaps; High employee attrition; Currency/import cost fluctuation,Agricultural output in surrounding region; School/college enrollment nearby
BUS00788,Kirana Store - Unit 0788,7.6,Retail - Repeat/Loyalty,Import-dependent supply chain,Summer peak (Apr-Jun),Power/utility disruptions; Currency/import cost fluctuation; Seasonal cash flow gaps,Repeat customer rate; Competitor density in radius
BUS00789,Mobile Repair Shop - Unit 0789,2.4,Retail - Repeat/Loyalty,Seasonal supplier contracts,Wedding season peak (Nov-Feb),Seasonal cash flow gaps; Currency/import cost fluctuation; Power/utility disruptions,Foot traffic count; Repeat customer rate
BUS00790,Bakery - Unit 0790,10,B2B - Local Businesses,Import-dependent supply chain,Harvest-season dependent,Competition from larger chains; Currency/import cost fluctuation,Seasonal festival calendar; School/college enrollment nearby; Average transaction value trend
BUS00791,Stationery Shop - Unit 0791,0.4,Retail - Repeat/Loyalty,Single supplier - high dependency,Year-end/New Year spike,Raw material price volatility; Logistics and last-mile delivery cost,Seasonal festival calendar; Repeat customer rate; Local construction/real estate activity
BUS00792,Electronics Retailer - Unit 0792,9.9,Wholesale Bulk Buyers,Diversified supplier base - low dependency,Summer peak (Apr-Jun),Regulatory/licensing compliance burden; Dependence on single supplier,Local employment rate; Foot traffic count
BUS00793,Fitness Studio - Unit 0793,22.5,Government/Institutional Contracts,Self-sourced/in-house production,Stable year-round demand,High employee attrition; Currency/import cost fluctuation,Local population growth; Local construction/real estate activity
BUS00794,Cloud Kitchen - Unit 0794,1.6,Mixed Retail & Wholesale,Diversified supplier base - low dependency,Stable year-round demand,Seasonal cash flow gaps; Logistics and last-mile delivery cost,School/college enrollment nearby; Local population growth
BUS00795,Restaurant - Unit 0795,18.1,Retail - Walk-in,Single supplier - high dependency,Stable year-round demand,Regulatory/licensing compliance burden; Delayed customer payments (B2B); Seasonal cash flow gaps,School/college enrollment nearby; Foot traffic count; Online order volume trend
BUS00796,Dairy & Milk Supplier - Unit 0796,0.6,Government/Institutional Contracts,Diversified supplier base - low dependency,"Low seasonality, weekday/weekend variation only",Seasonal cash flow gaps; Logistics and last-mile delivery cost; Competition from larger chains,Social media engagement/reviews; Competitor density in radius; Local construction/real estate activity
BUS00797,Textile Manufacturer - Unit 0797,17.7,Retail - Repeat/Loyalty,Import-dependent supply chain,High demand Oct-Dec (festive season),Raw material price volatility; High employee attrition,Seasonal festival calendar; Online order volume trend
BUS00798,Salon & Spa - Unit 0798,25.5,Online/E-commerce,Diversified supplier base - low dependency,Summer peak (Apr-Jun),Dependence on single supplier; Delayed customer payments (B2B); Perishable inventory spoilage,Local employment rate; School/college enrollment nearby; Local population growth
BUS00799,Fitness Studio - Unit 0799,12.5,Institutional (Schools/Offices),Import-dependent supply chain,Harvest-season dependent,Delayed customer payments (B2B); High employee attrition,School/college enrollment nearby; Seasonal festival calendar
BUS00800,Vegetable Vendor - Unit 0800,3.3,Government/Institutional Contracts,Seasonal supplier contracts,Summer peak (Apr-Jun),Seasonal cash flow gaps; Regulatory/licensing compliance burden; Power/utility disruptions,Foot traffic count; Local construction/real estate activity; Online order volume trend
BUS00801,Restaurant - Unit 0801,4.2,Retail - Repeat/Loyalty,Import-dependent supply chain,"Low seasonality, weekday/weekend variation only",Dependence on single supplier; Regulatory/licensing compliance burden; Limited access to working capital credit,Competitor density in radius; Seasonal festival calendar; Local population growth
BUS00802,Plastic Goods Manufacturer - Unit 0802,2.7,Retail - Repeat/Loyalty,Self-sourced/in-house production,Monsoon-dependent (Jun-Sep),Dependence on single supplier; Limited access to working capital credit; Seasonal cash flow gaps,Local construction/real estate activity; Average transaction value trend; Repeat customer rate
BUS00803,Grocery Wholesaler - Unit 0803,7.6,Institutional (Schools/Offices),Seasonal supplier contracts,"Back-to-school peak (Jun, Jan)",Raw material price volatility; Seasonal cash flow gaps,Local employment rate; Local population growth; Competitor density in radius
BUS00804,Event Planning Service - Unit 0804,20.4,Wholesale Bulk Buyers,Self-sourced/in-house production,Summer peak (Apr-Jun),Raw material price volatility; Currency/import cost fluctuation; Delayed customer payments (B2B),School/college enrollment nearby; Local population growth
BUS00805,Salon & Spa - Unit 0805,10.3,Institutional (Schools/Offices),Single supplier - high dependency,Wedding season peak (Nov-Feb),Currency/import cost fluctuation; Logistics and last-mile delivery cost,Agricultural output in surrounding region; Average transaction value trend; Local population growth
BUS00806,Print & Copy Shop - Unit 0806,7.8,Government/Institutional Contracts,Diversified supplier base - low dependency,"Back-to-school peak (Jun, Jan)",Delayed customer payments (B2B); High employee attrition; Perishable inventory spoilage,Seasonal festival calendar; Local employment rate
BUS00807,Photography Studio - Unit 0807,8,Retail - Repeat/Loyalty,Single supplier - high dependency,Monsoon-dependent (Jun-Sep),Seasonal cash flow gaps; Logistics and last-mile delivery cost,Repeat customer rate; Seasonal festival calendar
BUS00808,Textile Manufacturer - Unit 0808,16.9,Retail - Walk-in,Self-sourced/in-house production,"Low seasonality, weekday/weekend variation only",Competition from larger chains; Limited access to working capital credit,Local employment rate; Foot traffic count
BUS00809,Cafe - Unit 0809,3.5,Retail - Walk-in,Import-dependent supply chain,Harvest-season dependent,High employee attrition; Currency/import cost fluctuation; Delayed customer payments (B2B),Local construction/real estate activity; Average transaction value trend
BUS00810,Electronics Retailer - Unit 0810,23.2,B2B - Local Businesses,Single supplier - high dependency,Wedding season peak (Nov-Feb),Delayed customer payments (B2B); Regulatory/licensing compliance burden,Local employment rate; Average transaction value trend
BUS00811,Fitness Studio - Unit 0811,1.9,Retail - Repeat/Loyalty,Diversified supplier base - low dependency,Monsoon-dependent (Jun-Sep),Perishable inventory spoilage; Limited access to working capital credit,Seasonal festival calendar; Agricultural output in surrounding region; Online order volume trend
BUS00812,Kirana Store - Unit 0812,23.9,Institutional (Schools/Offices),Import-dependent supply chain,"Low seasonality, weekday/weekend variation only",Competition from larger chains; Logistics and last-mile delivery cost,Foot traffic count; Competitor density in radius; Agricultural output in surrounding region
BUS00813,Cafe - Unit 0813,14,Online/E-commerce,Single supplier - high dependency,High demand Oct-Dec (festive season),Limited access to working capital credit; Seasonal cash flow gaps; Power/utility disruptions,Foot traffic count; Repeat customer rate; Local employment rate
BUS00814,Mobile Repair Shop - Unit 0814,2.5,Government/Institutional Contracts,2-3 suppliers - moderate dependency,Harvest-season dependent,Competition from larger chains; Raw material price volatility,School/college enrollment nearby; Seasonal festival calendar
BUS00815,Bakery - Unit 0815,14.4,Institutional (Schools/Offices),Diversified supplier base - low dependency,Harvest-season dependent,Delayed customer payments (B2B); Perishable inventory spoilage,Average transaction value trend; School/college enrollment nearby
BUS00816,Agri Input Dealer - Unit 0816,13,Online/E-commerce,Import-dependent supply chain,Harvest-season dependent,Regulatory/licensing compliance burden; High employee attrition,Online order volume trend; Seasonal festival calendar
BUS00817,Pharmacy - Unit 0817,1.9,Online/E-commerce,Single supplier - high dependency,Summer peak (Apr-Jun),Competition from larger chains; Currency/import cost fluctuation,Repeat customer rate; Local employment rate; Average transaction value trend
BUS00818,Textile Manufacturer - Unit 0818,16.8,B2B - Local Businesses,Diversified supplier base - low dependency,Harvest-season dependent,Seasonal cash flow gaps; Dependence on single supplier; Currency/import cost fluctuation,Local population growth; Agricultural output in surrounding region
BUS00819,Stationery Shop - Unit 0819,16.1,B2B - Regional Distributors,Single supplier - high dependency,Wedding season peak (Nov-Feb),Logistics and last-mile delivery cost; Raw material price volatility; Power/utility disruptions,Seasonal festival calendar; Agricultural output in surrounding region; Average transaction value trend
BUS00820,Restaurant - Unit 0820,9,B2B - Local Businesses,Import-dependent supply chain,"Low seasonality, weekday/weekend variation only",High employee attrition; Perishable inventory spoilage,Seasonal festival calendar; Online order volume trend
BUS00821,Sweet Shop - Unit 0821,8.8,Retail - Repeat/Loyalty,Import-dependent supply chain,"Low seasonality, weekday/weekend variation only",High employee attrition; Logistics and last-mile delivery cost,Online order volume trend; Repeat customer rate
BUS00822,Salon & Spa - Unit 0822,8.2,B2B - Regional Distributors,2-3 suppliers - moderate dependency,Harvest-season dependent,Logistics and last-mile delivery cost; High employee attrition,Foot traffic count; Local employment rate
BUS00823,Tutoring Center - Unit 0823,18.5,B2B - Regional Distributors,2-3 suppliers - moderate dependency,Wedding season peak (Nov-Feb),Competition from larger chains; Raw material price volatility; Delayed customer payments (B2B),School/college enrollment nearby; Foot traffic count; Seasonal festival calendar
BUS00824,Auto Repair Shop - Unit 0824,4.7,Online/E-commerce,Import-dependent supply chain,Harvest-season dependent,Regulatory/licensing compliance burden; Raw material price volatility,Foot traffic count; Agricultural output in surrounding region
BUS00825,Pharmacy - Unit 0825,6.2,Mixed Retail & Wholesale,Diversified supplier base - low dependency,Stable year-round demand,Seasonal cash flow gaps; Perishable inventory spoilage; Competition from larger chains,Competitor density in radius; Seasonal festival calendar; Repeat customer rate
BUS00826,Auto Repair Shop - Unit 0826,0.5,B2B - Local Businesses,Diversified supplier base - low dependency,Wedding season peak (Nov-Feb),Limited access to working capital credit; Logistics and last-mile delivery cost; Delayed customer payments (B2B),Online order volume trend; School/college enrollment nearby; Seasonal festival calendar
BUS00827,Clothing Boutique - Unit 0827,23.8,Retail - Repeat/Loyalty,2-3 suppliers - moderate dependency,Stable year-round demand,Logistics and last-mile delivery cost; Currency/import cost fluctuation,Online order volume trend; Average transaction value trend
BUS00828,Handicraft Exporter - Unit 0828,0.8,Government/Institutional Contracts,Seasonal supplier contracts,Wedding season peak (Nov-Feb),Limited access to working capital credit; Competition from larger chains; High employee attrition,Foot traffic count; Local population growth
BUS00829,Clothing Boutique - Unit 0829,10.2,Institutional (Schools/Offices),Seasonal supplier contracts,Wedding season peak (Nov-Feb),Competition from larger chains; Currency/import cost fluctuation; Dependence on single supplier,Repeat customer rate; Average transaction value trend; Local employment rate
BUS00830,Grocery Wholesaler - Unit 0830,22.3,B2B - Local Businesses,Seasonal supplier contracts,"Back-to-school peak (Jun, Jan)",Perishable inventory spoilage; Raw material price volatility,Agricultural output in surrounding region; Online order volume trend
BUS00831,Laundry Service - Unit 0831,10,Government/Institutional Contracts,Seasonal supplier contracts,Stable year-round demand,Competition from larger chains; Delayed customer payments (B2B),Social media engagement/reviews; Local employment rate; School/college enrollment nearby
BUS00832,Cafe - Unit 0832,4.4,Retail - Walk-in,2-3 suppliers - moderate dependency,Monsoon-dependent (Jun-Sep),Delayed customer payments (B2B); Competition from larger chains,Seasonal festival calendar; Online order volume trend; Agricultural output in surrounding region
BUS00833,Cloud Kitchen - Unit 0833,5.1,B2B - Local Businesses,2-3 suppliers - moderate dependency,High demand Oct-Dec (festive season),Perishable inventory spoilage; Raw material price volatility,Seasonal festival calendar; Local population growth
BUS00834,Hardware Store - Unit 0834,0.5,B2B - Regional Distributors,2-3 suppliers - moderate dependency,"Low seasonality, weekday/weekend variation only",Raw material price volatility; Currency/import cost fluctuation,School/college enrollment nearby; Local construction/real estate activity; Competitor density in radius
BUS00835,Furniture Store - Unit 0835,1.2,Government/Institutional Contracts,Diversified supplier base - low dependency,Summer peak (Apr-Jun),Logistics and last-mile delivery cost; Perishable inventory spoilage; Regulatory/licensing compliance burden,School/college enrollment nearby; Foot traffic count
BUS00836,Agri Input Dealer - Unit 0836,6.2,Institutional (Schools/Offices),2-3 suppliers - moderate dependency,"Back-to-school peak (Jun, Jan)",Delayed customer payments (B2B); Currency/import cost fluctuation,Agricultural output in surrounding region; Local employment rate
BUS00837,Vegetable Vendor - Unit 0837,5.7,Government/Institutional Contracts,2-3 suppliers - moderate dependency,Year-end/New Year spike,Regulatory/licensing compliance burden; Perishable inventory spoilage,Local construction/real estate activity; School/college enrollment nearby
BUS00838,Event Planning Service - Unit 0838,8.6,B2B - Regional Distributors,Import-dependent supply chain,Harvest-season dependent,Seasonal cash flow gaps; Competition from larger chains; Dependence on single supplier,Local population growth; Average transaction value trend; Agricultural output in surrounding region
BUS00839,Agri Input Dealer - Unit 0839,1.8,Mixed Retail & Wholesale,Import-dependent supply chain,Summer peak (Apr-Jun),Raw material price volatility; Perishable inventory spoilage; Seasonal cash flow gaps,Local employment rate; School/college enrollment nearby
BUS00840,Cafe - Unit 0840,2.5,Retail - Repeat/Loyalty,Self-sourced/in-house production,Monsoon-dependent (Jun-Sep),Currency/import cost fluctuation; Power/utility disruptions; Dependence on single supplier,Agricultural output in surrounding region; Foot traffic count
BUS00841,Cafe - Unit 0841,1,Retail - Walk-in,Single supplier - high dependency,High demand Oct-Dec (festive season),Seasonal cash flow gaps; High employee attrition,Seasonal festival calendar; Local population growth
BUS00842,Vegetable Vendor - Unit 0842,20.1,Retail - Walk-in,Single supplier - high dependency,"Low seasonality, weekday/weekend variation only",Limited access to working capital credit; Dependence on single supplier; High employee attrition,Average transaction value trend; Local construction/real estate activity
BUS00843,Packaging Unit - Unit 0843,16.9,Institutional (Schools/Offices),Diversified supplier base - low dependency,Year-end/New Year spike,High employee attrition; Raw material price volatility,School/college enrollment nearby; Social media engagement/reviews; Repeat customer rate
BUS00844,Kirana Store - Unit 0844,0.4,Institutional (Schools/Offices),Single supplier - high dependency,"Low seasonality, weekday/weekend variation only",Seasonal cash flow gaps; Raw material price volatility; High employee attrition,Online order volume trend; Local employment rate
BUS00845,Fitness Studio - Unit 0845,1.9,Institutional (Schools/Offices),2-3 suppliers - moderate dependency,Harvest-season dependent,Competition from larger chains; Seasonal cash flow gaps,Online order volume trend; Repeat customer rate
BUS00846,Dairy & Milk Supplier - Unit 0846,5.8,Online/E-commerce,Single supplier - high dependency,Wedding season peak (Nov-Feb),Raw material price volatility; Logistics and last-mile delivery cost,Local population growth; Local employment rate
BUS00847,Grocery Wholesaler - Unit 0847,7.3,Wholesale Bulk Buyers,2-3 suppliers - moderate dependency,"Back-to-school peak (Jun, Jan)",Regulatory/licensing compliance burden; Dependence on single supplier; Perishable inventory spoilage,School/college enrollment nearby; Competitor density in radius; Seasonal festival calendar
BUS00848,Event Planning Service - Unit 0848,1.1,B2B - Local Businesses,Import-dependent supply chain,Summer peak (Apr-Jun),Seasonal cash flow gaps; Power/utility disruptions; Competition from larger chains,Repeat customer rate; Agricultural output in surrounding region; Local construction/real estate activity
BUS00849,Tutoring Center - Unit 0849,4.3,Online/E-commerce,2-3 suppliers - moderate dependency,Summer peak (Apr-Jun),Regulatory/licensing compliance burden; Limited access to working capital credit; Competition from larger chains,Average transaction value trend; Local employment rate; Local construction/real estate activity
BUS00850,Event Planning Service - Unit 0850,6,B2B - Regional Distributors,Self-sourced/in-house production,Harvest-season dependent,Delayed customer payments (B2B); Limited access to working capital credit; Competition from larger chains,Local employment rate; Repeat customer rate
BUS00851,Bookstore - Unit 0851,10.1,B2B - Regional Distributors,Import-dependent supply chain,Stable year-round demand,Regulatory/licensing compliance burden; Raw material price volatility,Foot traffic count; Competitor density in radius
BUS00852,Textile Manufacturer - Unit 0852,17.7,Retail - Repeat/Loyalty,Single supplier - high dependency,Wedding season peak (Nov-Feb),Seasonal cash flow gaps; Perishable inventory spoilage; Competition from larger chains,Social media engagement/reviews; Local employment rate
BUS00853,Bakery - Unit 0853,3.4,Retail - Walk-in,Import-dependent supply chain,Summer peak (Apr-Jun),Limited access to working capital credit; Seasonal cash flow gaps,Agricultural output in surrounding region; Foot traffic count; Local employment rate
BUS00854,Stationery Shop - Unit 0854,0.5,Retail - Repeat/Loyalty,Self-sourced/in-house production,Summer peak (Apr-Jun),Seasonal cash flow gaps; Regulatory/licensing compliance burden,Repeat customer rate; Online order volume trend
BUS00855,Restaurant - Unit 0855,0.5,Wholesale Bulk Buyers,2-3 suppliers - moderate dependency,Summer peak (Apr-Jun),Limited access to working capital credit; Seasonal cash flow gaps; Delayed customer payments (B2B),Average transaction value trend; Local employment rate; Competitor density in radius
BUS00856,Print & Copy Shop - Unit 0856,0.5,B2B - Local Businesses,Single supplier - high dependency,High demand Oct-Dec (festive season),Delayed customer payments (B2B); Seasonal cash flow gaps,Local employment rate; Agricultural output in surrounding region
BUS00857,Sweet Shop - Unit 0857,15.3,Institutional (Schools/Offices),Seasonal supplier contracts,"Low seasonality, weekday/weekend variation only",Limited access to working capital credit; High employee attrition; Power/utility disruptions,Seasonal festival calendar; Repeat customer rate
BUS00858,Grocery Wholesaler - Unit 0858,11.9,B2B - Local Businesses,Import-dependent supply chain,Monsoon-dependent (Jun-Sep),Logistics and last-mile delivery cost; Raw material price volatility; High employee attrition,Local population growth; Social media engagement/reviews; Local construction/real estate activity
BUS00859,Agri Input Dealer - Unit 0859,1.1,Mixed Retail & Wholesale,Self-sourced/in-house production,Wedding season peak (Nov-Feb),Power/utility disruptions; Seasonal cash flow gaps; Raw material price volatility,School/college enrollment nearby; Local employment rate; Online order volume trend
BUS00860,Hardware Store - Unit 0860,0.8,Online/E-commerce,Seasonal supplier contracts,Wedding season peak (Nov-Feb),High employee attrition; Perishable inventory spoilage,Social media engagement/reviews; Repeat customer rate
BUS00861,Restaurant - Unit 0861,3.1,Institutional (Schools/Offices),2-3 suppliers - moderate dependency,"Low seasonality, weekday/weekend variation only",Currency/import cost fluctuation; Raw material price volatility,Seasonal festival calendar; Repeat customer rate
BUS00862,Bookstore - Unit 0862,20.4,Mixed Retail & Wholesale,Single supplier - high dependency,High demand Oct-Dec (festive season),Dependence on single supplier; Perishable inventory spoilage; Raw material price volatility,Seasonal festival calendar; Local employment rate; Social media engagement/reviews
BUS00863,Clothing Boutique - Unit 0863,7.7,Online/E-commerce,2-3 suppliers - moderate dependency,Stable year-round demand,Power/utility disruptions; Delayed customer payments (B2B); Dependence on single supplier,Foot traffic count; Local construction/real estate activity
BUS00864,Event Planning Service - Unit 0864,9.9,Retail - Walk-in,Diversified supplier base - low dependency,Summer peak (Apr-Jun),Currency/import cost fluctuation; Competition from larger chains,School/college enrollment nearby; Repeat customer rate
BUS00865,Cloud Kitchen - Unit 0865,3.5,B2B - Local Businesses,Import-dependent supply chain,Summer peak (Apr-Jun),Competition from larger chains; Seasonal cash flow gaps; Regulatory/licensing compliance burden,Competitor density in radius; Local construction/real estate activity; Local employment rate
BUS00866,Pharmacy - Unit 0866,9,Retail - Repeat/Loyalty,2-3 suppliers - moderate dependency,Year-end/New Year spike,Raw material price volatility; Seasonal cash flow gaps,Social media engagement/reviews; Repeat customer rate; Average transaction value trend
BUS00867,Auto Repair Shop - Unit 0867,13.9,Institutional (Schools/Offices),2-3 suppliers - moderate dependency,Stable year-round demand,Logistics and last-mile delivery cost; Regulatory/licensing compliance burden; Currency/import cost fluctuation,Repeat customer rate; Local population growth
BUS00868,Cloud Kitchen - Unit 0868,13.5,Mixed Retail & Wholesale,Diversified supplier base - low dependency,Year-end/New Year spike,Dependence on single supplier; Logistics and last-mile delivery cost,Foot traffic count; Competitor density in radius; Seasonal festival calendar
BUS00869,Fitness Studio - Unit 0869,11.4,B2B - Local Businesses,Self-sourced/in-house production,Wedding season peak (Nov-Feb),Regulatory/licensing compliance burden; Dependence on single supplier; Power/utility disruptions,Seasonal festival calendar; School/college enrollment nearby; Foot traffic count
BUS00870,Cafe - Unit 0870,0.5,B2B - Regional Distributors,Import-dependent supply chain,"Low seasonality, weekday/weekend variation only",Seasonal cash flow gaps; Dependence on single supplier,Local employment rate; Local population growth; Local construction/real estate activity
BUS00871,Fitness Studio - Unit 0871,0.9,Mixed Retail & Wholesale,Import-dependent supply chain,Stable year-round demand,Competition from larger chains; Limited access to working capital credit; Delayed customer payments (B2B),Repeat customer rate; Agricultural output in surrounding region; Local population growth
BUS00872,Laundry Service - Unit 0872,1.2,Wholesale Bulk Buyers,Self-sourced/in-house production,Monsoon-dependent (Jun-Sep),Regulatory/licensing compliance burden; Dependence on single supplier; Limited access to working capital credit,Local construction/real estate activity; Average transaction value trend; Online order volume trend
BUS00873,Cloud Kitchen - Unit 0873,12.7,Mixed Retail & Wholesale,Single supplier - high dependency,"Low seasonality, weekday/weekend variation only",Competition from larger chains; Seasonal cash flow gaps,Competitor density in radius; Local construction/real estate activity
BUS00874,Pharmacy - Unit 0874,27.7,Retail - Walk-in,Diversified supplier base - low dependency,Harvest-season dependent,High employee attrition; Raw material price volatility; Limited access to working capital credit,School/college enrollment nearby; Local employment rate
BUS00875,Hardware Store - Unit 0875,5.3,Retail - Repeat/Loyalty,2-3 suppliers - moderate dependency,Stable year-round demand,Power/utility disruptions; Dependence on single supplier; Perishable inventory spoilage,Local employment rate; Social media engagement/reviews; Online order volume trend
BUS00876,Sweet Shop - Unit 0876,4.4,Retail - Walk-in,Single supplier - high dependency,Harvest-season dependent,Perishable inventory spoilage; Seasonal cash flow gaps; High employee attrition,Local employment rate; Average transaction value trend; School/college enrollment nearby
BUS00877,Textile Manufacturer - Unit 0877,2.4,Wholesale Bulk Buyers,Diversified supplier base - low dependency,Harvest-season dependent,Delayed customer payments (B2B); Logistics and last-mile delivery cost,Repeat customer rate; School/college enrollment nearby
BUS00878,Bookstore - Unit 0878,21.4,Online/E-commerce,Single supplier - high dependency,Summer peak (Apr-Jun),Seasonal cash flow gaps; Competition from larger chains; Regulatory/licensing compliance burden,School/college enrollment nearby; Local employment rate
BUS00879,Hardware Store - Unit 0879,21.8,Mixed Retail & Wholesale,2-3 suppliers - moderate dependency,Year-end/New Year spike,Raw material price volatility; High employee attrition,Local employment rate; Social media engagement/reviews
BUS00880,Photography Studio - Unit 0880,2.1,B2B - Regional Distributors,Diversified supplier base - low dependency,Monsoon-dependent (Jun-Sep),Currency/import cost fluctuation; Logistics and last-mile delivery cost,Competitor density in radius; Agricultural output in surrounding region
BUS00881,Kirana Store - Unit 0881,5.8,Government/Institutional Contracts,Single supplier - high dependency,Year-end/New Year spike,Power/utility disruptions; Limited access to working capital credit; Regulatory/licensing compliance burden,Social media engagement/reviews; Local employment rate; Agricultural output in surrounding region
BUS00882,Photography Studio - Unit 0882,5.9,B2B - Local Businesses,Self-sourced/in-house production,Harvest-season dependent,Seasonal cash flow gaps; Delayed customer payments (B2B); Logistics and last-mile delivery cost,Social media engagement/reviews; Local employment rate
BUS00883,Fitness Studio - Unit 0883,5.7,Wholesale Bulk Buyers,Import-dependent supply chain,"Back-to-school peak (Jun, Jan)",Dependence on single supplier; Limited access to working capital credit,School/college enrollment nearby; Foot traffic count
BUS00884,Cafe - Unit 0884,8.4,Government/Institutional Contracts,Single supplier - high dependency,Year-end/New Year spike,Currency/import cost fluctuation; Perishable inventory spoilage,Online order volume trend; Agricultural output in surrounding region; Average transaction value trend
BUS00885,Textile Manufacturer - Unit 0885,8.5,Mixed Retail & Wholesale,Single supplier - high dependency,Wedding season peak (Nov-Feb),Power/utility disruptions; Currency/import cost fluctuation; Limited access to working capital credit,Competitor density in radius; Online order volume trend
BUS00886,Grocery Wholesaler - Unit 0886,4.5,Institutional (Schools/Offices),Diversified supplier base - low dependency,Harvest-season dependent,Raw material price volatility; Power/utility disruptions,Foot traffic count; Agricultural output in surrounding region
BUS00887,Salon & Spa - Unit 0887,8,Government/Institutional Contracts,Import-dependent supply chain,Wedding season peak (Nov-Feb),Seasonal cash flow gaps; Logistics and last-mile delivery cost; Power/utility disruptions,Social media engagement/reviews; Local employment rate
BUS00888,Clothing Boutique - Unit 0888,26.4,Retail - Walk-in,Seasonal supplier contracts,Harvest-season dependent,Currency/import cost fluctuation; Power/utility disruptions,Local employment rate; Competitor density in radius
BUS00889,Grocery Wholesaler - Unit 0889,1.9,Retail - Repeat/Loyalty,Import-dependent supply chain,Summer peak (Apr-Jun),Currency/import cost fluctuation; Logistics and last-mile delivery cost,School/college enrollment nearby; Seasonal festival calendar; Social media engagement/reviews
BUS00890,Electronics Retailer - Unit 0890,6.2,Retail - Repeat/Loyalty,Single supplier - high dependency,Harvest-season dependent,Currency/import cost fluctuation; Logistics and last-mile delivery cost,Foot traffic count; Local construction/real estate activity
BUS00891,Cloud Kitchen - Unit 0891,23.4,Retail - Repeat/Loyalty,Seasonal supplier contracts,Harvest-season dependent,Limited access to working capital credit; Seasonal cash flow gaps,School/college enrollment nearby; Agricultural output in surrounding region; Competitor density in radius
BUS00892,Electronics Retailer - Unit 0892,3.2,B2B - Regional Distributors,Diversified supplier base - low dependency,Monsoon-dependent (Jun-Sep),Limited access to working capital credit; Power/utility disruptions,School/college enrollment nearby; Foot traffic count; Seasonal festival calendar
BUS00893,Restaurant - Unit 0893,2.1,Retail - Repeat/Loyalty,Single supplier - high dependency,Year-end/New Year spike,Dependence on single supplier; Seasonal cash flow gaps,Seasonal festival calendar; Local population growth; Repeat customer rate
BUS00894,Restaurant - Unit 0894,17.1,B2B - Regional Distributors,Self-sourced/in-house production,Stable year-round demand,Raw material price volatility; Power/utility disruptions; Dependence on single supplier,School/college enrollment nearby; Repeat customer rate; Online order volume trend
BUS00895,Sweet Shop - Unit 0895,9.5,Online/E-commerce,Import-dependent supply chain,Year-end/New Year spike,Seasonal cash flow gaps; Perishable inventory spoilage,Local population growth; School/college enrollment nearby
BUS00896,Bookstore - Unit 0896,28.5,Retail - Repeat/Loyalty,Diversified supplier base - low dependency,Wedding season peak (Nov-Feb),Logistics and last-mile delivery cost; Limited access to working capital credit; Delayed customer payments (B2B),Local population growth; Social media engagement/reviews
BUS00897,Laundry Service - Unit 0897,5.9,B2B - Regional Distributors,Seasonal supplier contracts,High demand Oct-Dec (festive season),Delayed customer payments (B2B); Limited access to working capital credit,Online order volume trend; Competitor density in radius
BUS00898,Auto Repair Shop - Unit 0898,2.4,B2B - Local Businesses,2-3 suppliers - moderate dependency,Stable year-round demand,Perishable inventory spoilage; Limited access to working capital credit,Online order volume trend; Repeat customer rate; Competitor density in radius
BUS00899,Cloud Kitchen - Unit 0899,21.2,Mixed Retail & Wholesale,Import-dependent supply chain,Year-end/New Year spike,Delayed customer payments (B2B); Power/utility disruptions; High employee attrition,Local population growth; Online order volume trend; Seasonal festival calendar
BUS00900,Fitness Studio - Unit 0900,1,Institutional (Schools/Offices),2-3 suppliers - moderate dependency,Monsoon-dependent (Jun-Sep),Power/utility disruptions; Competition from larger chains; Limited access to working capital credit,Competitor density in radius; Local construction/real estate activity; Repeat customer rate
BUS00901,Cafe - Unit 0901,9.7,Online/E-commerce,Diversified supplier base - low dependency,Stable year-round demand,Seasonal cash flow gaps; Raw material price volatility; Delayed customer payments (B2B),Local construction/real estate activity; Local employment rate; Seasonal festival calendar
BUS00902,Cafe - Unit 0902,18.8,Retail - Walk-in,Single supplier - high dependency,Summer peak (Apr-Jun),Power/utility disruptions; Seasonal cash flow gaps; Regulatory/licensing compliance burden,Repeat customer rate; Online order volume trend
BUS00903,Sweet Shop - Unit 0903,6.6,Online/E-commerce,Single supplier - high dependency,High demand Oct-Dec (festive season),Limited access to working capital credit; Raw material price volatility; Regulatory/licensing compliance burden,Average transaction value trend; Local construction/real estate activity
BUS00904,Event Planning Service - Unit 0904,8.1,Government/Institutional Contracts,Single supplier - high dependency,Harvest-season dependent,Logistics and last-mile delivery cost; High employee attrition; Delayed customer payments (B2B),Repeat customer rate; Social media engagement/reviews
BUS00905,Hardware Store - Unit 0905,29.5,Retail - Repeat/Loyalty,Seasonal supplier contracts,Harvest-season dependent,Regulatory/licensing compliance burden; Limited access to working capital credit; High employee attrition,Foot traffic count; Average transaction value trend
BUS00906,Mobile Repair Shop - Unit 0906,0.6,Wholesale Bulk Buyers,Single supplier - high dependency,Stable year-round demand,Seasonal cash flow gaps; Logistics and last-mile delivery cost; Regulatory/licensing compliance burden,Online order volume trend; Local construction/real estate activity; Foot traffic count
BUS00907,Dairy & Milk Supplier - Unit 0907,0.5,Retail - Walk-in,Self-sourced/in-house production,"Back-to-school peak (Jun, Jan)",Power/utility disruptions; Raw material price volatility,Competitor density in radius; School/college enrollment nearby
BUS00908,Kirana Store - Unit 0908,1,Wholesale Bulk Buyers,Import-dependent supply chain,"Back-to-school peak (Jun, Jan)",Regulatory/licensing compliance burden; Limited access to working capital credit; Power/utility disruptions,Social media engagement/reviews; Competitor density in radius
BUS00909,Mobile Repair Shop - Unit 0909,20.5,Institutional (Schools/Offices),Import-dependent supply chain,Year-end/New Year spike,Currency/import cost fluctuation; Dependence on single supplier; Regulatory/licensing compliance burden,Foot traffic count; Online order volume trend
BUS00910,Pharmacy - Unit 0910,0.4,Online/E-commerce,Import-dependent supply chain,Harvest-season dependent,Seasonal cash flow gaps; Dependence on single supplier,Agricultural output in surrounding region; Competitor density in radius
BUS00911,Agri Input Dealer - Unit 0911,23.9,Retail - Walk-in,Diversified supplier base - low dependency,High demand Oct-Dec (festive season),Raw material price volatility; Perishable inventory spoilage,Seasonal festival calendar; Competitor density in radius
BUS00912,Cloud Kitchen - Unit 0912,27.9,Wholesale Bulk Buyers,Diversified supplier base - low dependency,Summer peak (Apr-Jun),Logistics and last-mile delivery cost; Competition from larger chains,Local population growth; Competitor density in radius
BUS00913,Plastic Goods Manufacturer - Unit 0913,2.2,Wholesale Bulk Buyers,Import-dependent supply chain,Year-end/New Year spike,Delayed customer payments (B2B); Limited access to working capital credit,Local construction/real estate activity; Average transaction value trend
BUS00914,Sweet Shop - Unit 0914,17.9,Online/E-commerce,Import-dependent supply chain,Year-end/New Year spike,Dependence on single supplier; Perishable inventory spoilage,Agricultural output in surrounding region; Repeat customer rate; Competitor density in radius
BUS00915,Textile Manufacturer - Unit 0915,3.2,B2B - Regional Distributors,Import-dependent supply chain,Stable year-round demand,Competition from larger chains; Raw material price volatility,Foot traffic count; School/college enrollment nearby
BUS00916,Clothing Boutique - Unit 0916,16.9,B2B - Regional Distributors,Self-sourced/in-house production,Stable year-round demand,High employee attrition; Logistics and last-mile delivery cost; Delayed customer payments (B2B),Seasonal festival calendar; Average transaction value trend; Local population growth
BUS00917,Plastic Goods Manufacturer - Unit 0917,16.8,B2B - Local Businesses,2-3 suppliers - moderate dependency,Wedding season peak (Nov-Feb),Competition from larger chains; Logistics and last-mile delivery cost; Delayed customer payments (B2B),Local employment rate; Online order volume trend
BUS00918,Restaurant - Unit 0918,4.8,Institutional (Schools/Offices),Seasonal supplier contracts,Stable year-round demand,Competition from larger chains; Dependence on single supplier,Online order volume trend; Foot traffic count
BUS00919,Packaging Unit - Unit 0919,13.1,Retail - Walk-in,Self-sourced/in-house production,"Low seasonality, weekday/weekend variation only",Regulatory/licensing compliance burden; Perishable inventory spoilage; Dependence on single supplier,Competitor density in radius; Local employment rate
BUS00920,Clothing Boutique - Unit 0920,1.9,Wholesale Bulk Buyers,Seasonal supplier contracts,Wedding season peak (Nov-Feb),Competition from larger chains; Perishable inventory spoilage,Repeat customer rate; Foot traffic count; Local employment rate
BUS00921,Laundry Service - Unit 0921,8.8,B2B - Regional Distributors,Self-sourced/in-house production,Summer peak (Apr-Jun),Delayed customer payments (B2B); Logistics and last-mile delivery cost; Competition from larger chains,Repeat customer rate; School/college enrollment nearby; Foot traffic count
BUS00922,Vegetable Vendor - Unit 0922,3.6,B2B - Regional Distributors,Single supplier - high dependency,High demand Oct-Dec (festive season),Logistics and last-mile delivery cost; Perishable inventory spoilage,Repeat customer rate; Social media engagement/reviews
BUS00923,Auto Repair Shop - Unit 0923,4.5,Wholesale Bulk Buyers,Self-sourced/in-house production,Harvest-season dependent,High employee attrition; Perishable inventory spoilage,Online order volume trend; Local population growth; Agricultural output in surrounding region
BUS00924,Stationery Shop - Unit 0924,5.4,Institutional (Schools/Offices),Import-dependent supply chain,High demand Oct-Dec (festive season),Seasonal cash flow gaps; Delayed customer payments (B2B),Agricultural output in surrounding region; Seasonal festival calendar; Online order volume trend
BUS00925,Electronics Retailer - Unit 0925,7.5,B2B - Local Businesses,2-3 suppliers - moderate dependency,Wedding season peak (Nov-Feb),Seasonal cash flow gaps; Raw material price volatility; Competition from larger chains,Competitor density in radius; Foot traffic count; Local population growth
BUS00926,Hardware Store - Unit 0926,0.9,Retail - Walk-in,Seasonal supplier contracts,Wedding season peak (Nov-Feb),Logistics and last-mile delivery cost; Raw material price volatility; Competition from larger chains,Average transaction value trend; Repeat customer rate
BUS00927,Pharmacy - Unit 0927,0.5,Institutional (Schools/Offices),2-3 suppliers - moderate dependency,"Low seasonality, weekday/weekend variation only",Seasonal cash flow gaps; Dependence on single supplier,Seasonal festival calendar; Competitor density in radius
BUS00928,Print & Copy Shop - Unit 0928,16.4,Government/Institutional Contracts,Diversified supplier base - low dependency,Year-end/New Year spike,Regulatory/licensing compliance burden; Competition from larger chains; Raw material price volatility,Seasonal festival calendar; Competitor density in radius; Social media engagement/reviews
BUS00929,Photography Studio - Unit 0929,24.8,Institutional (Schools/Offices),Import-dependent supply chain,"Low seasonality, weekday/weekend variation only",Seasonal cash flow gaps; Power/utility disruptions,School/college enrollment nearby; Local population growth
BUS00930,Stationery Shop - Unit 0930,12.2,Wholesale Bulk Buyers,Diversified supplier base - low dependency,Monsoon-dependent (Jun-Sep),High employee attrition; Power/utility disruptions,Seasonal festival calendar; School/college enrollment nearby
BUS00931,Sweet Shop - Unit 0931,23.2,Mixed Retail & Wholesale,Seasonal supplier contracts,Summer peak (Apr-Jun),Currency/import cost fluctuation; Regulatory/licensing compliance burden; Limited access to working capital credit,Local construction/real estate activity; Local employment rate; Seasonal festival calendar
BUS00932,Dairy & Milk Supplier - Unit 0932,2.4,Government/Institutional Contracts,Import-dependent supply chain,Wedding season peak (Nov-Feb),Power/utility disruptions; Competition from larger chains,Seasonal festival calendar; Repeat customer rate; Foot traffic count
BUS00933,Mobile Repair Shop - Unit 0933,2,B2B - Local Businesses,Seasonal supplier contracts,"Back-to-school peak (Jun, Jan)",Perishable inventory spoilage; Competition from larger chains,Repeat customer rate; Seasonal festival calendar; Foot traffic count
BUS00934,Print & Copy Shop - Unit 0934,0.4,Retail - Repeat/Loyalty,Single supplier - high dependency,Year-end/New Year spike,Raw material price volatility; Power/utility disruptions; Regulatory/licensing compliance burden,Foot traffic count; Seasonal festival calendar
BUS00935,Salon & Spa - Unit 0935,8.1,Government/Institutional Contracts,Import-dependent supply chain,"Low seasonality, weekday/weekend variation only",Dependence on single supplier; Perishable inventory spoilage,Agricultural output in surrounding region; Online order volume trend
BUS00936,Tutoring Center - Unit 0936,29.2,Institutional (Schools/Offices),2-3 suppliers - moderate dependency,High demand Oct-Dec (festive season),Regulatory/licensing compliance burden; High employee attrition; Power/utility disruptions,Local employment rate; Repeat customer rate; Seasonal festival calendar
BUS00937,Handicraft Exporter - Unit 0937,5.2,B2B - Local Businesses,Seasonal supplier contracts,Harvest-season dependent,Logistics and last-mile delivery cost; Seasonal cash flow gaps; High employee attrition,Local population growth; Local employment rate; Social media engagement/reviews
BUS00938,Clothing Boutique - Unit 0938,4.6,Institutional (Schools/Offices),Seasonal supplier contracts,Year-end/New Year spike,Power/utility disruptions; Limited access to working capital credit,Local population growth; Social media engagement/reviews
BUS00939,Print & Copy Shop - Unit 0939,7,Online/E-commerce,Self-sourced/in-house production,Wedding season peak (Nov-Feb),Competition from larger chains; Power/utility disruptions; Currency/import cost fluctuation,Foot traffic count; Social media engagement/reviews; Agricultural output in surrounding region
BUS00940,Photography Studio - Unit 0940,8.4,B2B - Local Businesses,Seasonal supplier contracts,"Back-to-school peak (Jun, Jan)",Logistics and last-mile delivery cost; Delayed customer payments (B2B),Local population growth; Local construction/real estate activity; Social media engagement/reviews
BUS00941,Packaging Unit - Unit 0941,28.8,Retail - Walk-in,Self-sourced/in-house production,Summer peak (Apr-Jun),Currency/import cost fluctuation; Raw material price volatility; Competition from larger chains,Foot traffic count; Repeat customer rate; Agricultural output in surrounding region
BUS00942,Hardware Store - Unit 0942,0.9,Retail - Repeat/Loyalty,Diversified supplier base - low dependency,Year-end/New Year spike,Raw material price volatility; Dependence on single supplier; Logistics and last-mile delivery cost,Agricultural output in surrounding region; Online order volume trend
BUS00943,Grocery Wholesaler - Unit 0943,2,Mixed Retail & Wholesale,2-3 suppliers - moderate dependency,Monsoon-dependent (Jun-Sep),Perishable inventory spoilage; Currency/import cost fluctuation,Agricultural output in surrounding region; Foot traffic count; Average transaction value trend
BUS00944,Cafe - Unit 0944,2.5,Retail - Walk-in,2-3 suppliers - moderate dependency,Stable year-round demand,High employee attrition; Limited access to working capital credit,Average transaction value trend; Foot traffic count
BUS00945,Agri Input Dealer - Unit 0945,19.6,Retail - Walk-in,Single supplier - high dependency,"Back-to-school peak (Jun, Jan)",Competition from larger chains; Seasonal cash flow gaps; High employee attrition,Local construction/real estate activity; School/college enrollment nearby; Average transaction value trend
BUS00946,Plastic Goods Manufacturer - Unit 0946,21.2,B2B - Local Businesses,Import-dependent supply chain,High demand Oct-Dec (festive season),Seasonal cash flow gaps; Currency/import cost fluctuation,Local population growth; Social media engagement/reviews
BUS00947,Laundry Service - Unit 0947,17.6,Mixed Retail & Wholesale,Diversified supplier base - low dependency,"Back-to-school peak (Jun, Jan)",Logistics and last-mile delivery cost; Competition from larger chains,School/college enrollment nearby; Seasonal festival calendar; Local employment rate
BUS00948,Fitness Studio - Unit 0948,1,Wholesale Bulk Buyers,2-3 suppliers - moderate dependency,High demand Oct-Dec (festive season),Competition from larger chains; Dependence on single supplier; Logistics and last-mile delivery cost,Foot traffic count; Local construction/real estate activity; Seasonal festival calendar
BUS00949,Pharmacy - Unit 0949,24.4,Online/E-commerce,2-3 suppliers - moderate dependency,Year-end/New Year spike,Perishable inventory spoilage; Raw material price volatility; Seasonal cash flow gaps,Social media engagement/reviews; Agricultural output in surrounding region; Online order volume trend
BUS00950,Stationery Shop - Unit 0950,19.1,Retail - Repeat/Loyalty,2-3 suppliers - moderate dependency,Summer peak (Apr-Jun),Currency/import cost fluctuation; Logistics and last-mile delivery cost; Regulatory/licensing compliance burden,Agricultural output in surrounding region; Local population growth; Seasonal festival calendar
BUS00951,Event Planning Service - Unit 0951,5.8,Retail - Repeat/Loyalty,Import-dependent supply chain,Year-end/New Year spike,Competition from larger chains; Logistics and last-mile delivery cost; Seasonal cash flow gaps,Local population growth; Competitor density in radius; Local construction/real estate activity
BUS00952,Bookstore - Unit 0952,7.2,Wholesale Bulk Buyers,Single supplier - high dependency,High demand Oct-Dec (festive season),Limited access to working capital credit; Seasonal cash flow gaps,Repeat customer rate; School/college enrollment nearby
BUS00953,Auto Repair Shop - Unit 0953,17.6,Mixed Retail & Wholesale,Diversified supplier base - low dependency,Monsoon-dependent (Jun-Sep),Dependence on single supplier; Seasonal cash flow gaps,Local employment rate; Repeat customer rate; Foot traffic count
BUS00954,Cafe - Unit 0954,4.2,Retail - Repeat/Loyalty,Self-sourced/in-house production,Wedding season peak (Nov-Feb),Seasonal cash flow gaps; Regulatory/licensing compliance burden,Agricultural output in surrounding region; Average transaction value trend
BUS00955,Fitness Studio - Unit 0955,2.4,Government/Institutional Contracts,2-3 suppliers - moderate dependency,Monsoon-dependent (Jun-Sep),Competition from larger chains; Limited access to working capital credit; Perishable inventory spoilage,Online order volume trend; Local population growth
BUS00956,Tutoring Center - Unit 0956,22.5,B2B - Regional Distributors,Single supplier - high dependency,High demand Oct-Dec (festive season),High employee attrition; Raw material price volatility,Foot traffic count; Competitor density in radius
BUS00957,Photography Studio - Unit 0957,10.3,Retail - Repeat/Loyalty,Diversified supplier base - low dependency,Summer peak (Apr-Jun),High employee attrition; Limited access to working capital credit; Logistics and last-mile delivery cost,Social media engagement/reviews; Competitor density in radius; School/college enrollment nearby
BUS00958,Cafe - Unit 0958,22.8,Retail - Repeat/Loyalty,Self-sourced/in-house production,Harvest-season dependent,Dependence on single supplier; Logistics and last-mile delivery cost; Limited access to working capital credit,Social media engagement/reviews; Seasonal festival calendar
BUS00959,Auto Repair Shop - Unit 0959,1,Retail - Walk-in,Seasonal supplier contracts,"Low seasonality, weekday/weekend variation only",Raw material price volatility; High employee attrition; Perishable inventory spoilage,Local employment rate; Competitor density in radius; Repeat customer rate
BUS00960,Plastic Goods Manufacturer - Unit 0960,2.4,Retail - Repeat/Loyalty,Seasonal supplier contracts,Monsoon-dependent (Jun-Sep),Power/utility disruptions; Logistics and last-mile delivery cost; Raw material price volatility,Local construction/real estate activity; Average transaction value trend
BUS00961,Handicraft Exporter - Unit 0961,5.3,Retail - Walk-in,Diversified supplier base - low dependency,Harvest-season dependent,High employee attrition; Regulatory/licensing compliance burden; Raw material price volatility,Online order volume trend; Social media engagement/reviews
BUS00962,Agri Input Dealer - Unit 0962,8.2,Retail - Walk-in,2-3 suppliers - moderate dependency,Year-end/New Year spike,Logistics and last-mile delivery cost; Limited access to working capital credit,Competitor density in radius; Repeat customer rate
BUS00963,Tutoring Center - Unit 0963,27.4,Retail - Repeat/Loyalty,Seasonal supplier contracts,Year-end/New Year spike,Perishable inventory spoilage; Raw material price volatility,Foot traffic count; Average transaction value trend
BUS00964,Grocery Wholesaler - Unit 0964,3.2,Wholesale Bulk Buyers,Self-sourced/in-house production,"Back-to-school peak (Jun, Jan)",Raw material price volatility; Limited access to working capital credit,Online order volume trend; Social media engagement/reviews
BUS00965,Cafe - Unit 0965,10.7,Retail - Walk-in,Seasonal supplier contracts,Year-end/New Year spike,Power/utility disruptions; Limited access to working capital credit,Local employment rate; Agricultural output in surrounding region
BUS00966,Textile Manufacturer - Unit 0966,1.7,Retail - Repeat/Loyalty,Seasonal supplier contracts,Wedding season peak (Nov-Feb),High employee attrition; Regulatory/licensing compliance burden; Power/utility disruptions,Online order volume trend; Agricultural output in surrounding region
BUS00967,Restaurant - Unit 0967,20.1,Wholesale Bulk Buyers,Import-dependent supply chain,"Low seasonality, weekday/weekend variation only",Raw material price volatility; High employee attrition,Repeat customer rate; Foot traffic count
BUS00968,Salon & Spa - Unit 0968,13.1,Retail - Walk-in,Diversified supplier base - low dependency,Wedding season peak (Nov-Feb),Perishable inventory spoilage; Seasonal cash flow gaps,Average transaction value trend; School/college enrollment nearby; Repeat customer rate
BUS00969,Sweet Shop - Unit 0969,0.8,Government/Institutional Contracts,2-3 suppliers - moderate dependency,Year-end/New Year spike,High employee attrition; Competition from larger chains; Perishable inventory spoilage,Social media engagement/reviews; Seasonal festival calendar; Online order volume trend
BUS00970,Grocery Wholesaler - Unit 0970,4.6,Government/Institutional Contracts,Seasonal supplier contracts,Stable year-round demand,Regulatory/licensing compliance burden; Power/utility disruptions,Seasonal festival calendar; Repeat customer rate; Online order volume trend
BUS00971,Handicraft Exporter - Unit 0971,2.3,Government/Institutional Contracts,2-3 suppliers - moderate dependency,"Back-to-school peak (Jun, Jan)",Dependence on single supplier; Regulatory/licensing compliance burden,Foot traffic count; Online order volume trend
BUS00972,Cloud Kitchen - Unit 0972,15.9,Mixed Retail & Wholesale,Single supplier - high dependency,High demand Oct-Dec (festive season),Raw material price volatility; Perishable inventory spoilage; Currency/import cost fluctuation,Seasonal festival calendar; Repeat customer rate; Foot traffic count
BUS00973,Hardware Store - Unit 0973,23.8,Retail - Walk-in,Self-sourced/in-house production,Harvest-season dependent,Raw material price volatility; High employee attrition; Currency/import cost fluctuation,Local population growth; School/college enrollment nearby; Local employment rate
BUS00974,Textile Manufacturer - Unit 0974,0.5,Retail - Walk-in,Seasonal supplier contracts,Wedding season peak (Nov-Feb),Logistics and last-mile delivery cost; Regulatory/licensing compliance burden,Local construction/real estate activity; Online order volume trend; Foot traffic count
BUS00975,Furniture Store - Unit 0975,24.3,Wholesale Bulk Buyers,Import-dependent supply chain,High demand Oct-Dec (festive season),Delayed customer payments (B2B); Power/utility disruptions,Social media engagement/reviews; Average transaction value trend; Local employment rate
BUS00976,Bookstore - Unit 0976,27.7,Institutional (Schools/Offices),2-3 suppliers - moderate dependency,Harvest-season dependent,Limited access to working capital credit; High employee attrition; Seasonal cash flow gaps,Seasonal festival calendar; School/college enrollment nearby
BUS00977,Hardware Store - Unit 0977,1.2,Government/Institutional Contracts,Diversified supplier base - low dependency,Wedding season peak (Nov-Feb),Raw material price volatility; Logistics and last-mile delivery cost; Perishable inventory spoilage,Seasonal festival calendar; School/college enrollment nearby; Agricultural output in surrounding region
BUS00978,Event Planning Service - Unit 0978,20.1,Institutional (Schools/Offices),Seasonal supplier contracts,Wedding season peak (Nov-Feb),Seasonal cash flow gaps; Competition from larger chains; Currency/import cost fluctuation,Average transaction value trend; Foot traffic count
BUS00979,Print & Copy Shop - Unit 0979,0.6,Mixed Retail & Wholesale,Import-dependent supply chain,"Low seasonality, weekday/weekend variation only",Power/utility disruptions; Raw material price volatility,Seasonal festival calendar; Local construction/real estate activity
BUS00980,Textile Manufacturer - Unit 0980,8.3,Mixed Retail & Wholesale,2-3 suppliers - moderate dependency,"Back-to-school peak (Jun, Jan)",Perishable inventory spoilage; Competition from larger chains; Seasonal cash flow gaps,School/college enrollment nearby; Local population growth
BUS00981,Salon & Spa - Unit 0981,26.6,B2B - Regional Distributors,Single supplier - high dependency,High demand Oct-Dec (festive season),Currency/import cost fluctuation; Delayed customer payments (B2B),Local construction/real estate activity; Competitor density in radius; Foot traffic count
BUS00982,Textile Manufacturer - Unit 0982,2.5,Institutional (Schools/Offices),Diversified supplier base - low dependency,High demand Oct-Dec (festive season),Delayed customer payments (B2B); Raw material price volatility; Logistics and last-mile delivery cost,Competitor density in radius; Repeat customer rate
BUS00983,Restaurant - Unit 0983,19.6,Government/Institutional Contracts,Single supplier - high dependency,Monsoon-dependent (Jun-Sep),Regulatory/licensing compliance burden; Logistics and last-mile delivery cost,School/college enrollment nearby; Local employment rate; Repeat customer rate
BUS00984,Vegetable Vendor - Unit 0984,11.5,B2B - Local Businesses,Single supplier - high dependency,Wedding season peak (Nov-Feb),Regulatory/licensing compliance burden; Power/utility disruptions; Limited access to working capital credit,Seasonal festival calendar; Local construction/real estate activity; Foot traffic count
BUS00985,Electronics Retailer - Unit 0985,5.7,B2B - Local Businesses,Seasonal supplier contracts,High demand Oct-Dec (festive season),Logistics and last-mile delivery cost; High employee attrition,Social media engagement/reviews; Agricultural output in surrounding region; Local construction/real estate activity
BUS00986,Cloud Kitchen - Unit 0986,8.2,Wholesale Bulk Buyers,Seasonal supplier contracts,High demand Oct-Dec (festive season),Power/utility disruptions; Currency/import cost fluctuation,Repeat customer rate; Online order volume trend
BUS00987,Bookstore - Unit 0987,24,Government/Institutional Contracts,Import-dependent supply chain,Harvest-season dependent,Delayed customer payments (B2B); Raw material price volatility,School/college enrollment nearby; Social media engagement/reviews; Agricultural output in surrounding region
BUS00988,Print & Copy Shop - Unit 0988,6.4,Institutional (Schools/Offices),2-3 suppliers - moderate dependency,Wedding season peak (Nov-Feb),Regulatory/licensing compliance burden; High employee attrition,Competitor density in radius; Repeat customer rate; Online order volume trend
BUS00989,Print & Copy Shop - Unit 0989,9.4,Online/E-commerce,Seasonal supplier contracts,"Low seasonality, weekday/weekend variation only",Regulatory/licensing compliance burden; Currency/import cost fluctuation,Local construction/real estate activity; Online order volume trend; Average transaction value trend
BUS00990,Event Planning Service - Unit 0990,8.9,B2B - Local Businesses,Seasonal supplier contracts,Monsoon-dependent (Jun-Sep),Currency/import cost fluctuation; Logistics and last-mile delivery cost; Seasonal cash flow gaps,Seasonal festival calendar; Competitor density in radius; School/college enrollment nearby
BUS00991,Auto Repair Shop - Unit 0991,1,Government/Institutional Contracts,2-3 suppliers - moderate dependency,Year-end/New Year spike,Seasonal cash flow gaps; Competition from larger chains,Local population growth; Repeat customer rate
BUS00992,Tutoring Center - Unit 0992,5.5,Mixed Retail & Wholesale,Import-dependent supply chain,Stable year-round demand,Raw material price volatility; Power/utility disruptions,Agricultural output in surrounding region; Local population growth
BUS00993,Restaurant - Unit 0993,2,Government/Institutional Contracts,Self-sourced/in-house production,Harvest-season dependent,Seasonal cash flow gaps; Power/utility disruptions; Delayed customer payments (B2B),Agricultural output in surrounding region; Seasonal festival calendar
BUS00994,Auto Repair Shop - Unit 0994,8.1,Online/E-commerce,Seasonal supplier contracts,Stable year-round demand,Dependence on single supplier; Regulatory/licensing compliance burden,Local employment rate; School/college enrollment nearby; Average transaction value trend
BUS00995,Laundry Service - Unit 0995,9.2,Mixed Retail & Wholesale,Import-dependent supply chain,Summer peak (Apr-Jun),Limited access to working capital credit; Logistics and last-mile delivery cost,Local population growth; Foot traffic count
BUS00996,Bookstore - Unit 0996,23.7,Mixed Retail & Wholesale,Self-sourced/in-house production,Wedding season peak (Nov-Feb),Seasonal cash flow gaps; Delayed customer payments (B2B); Logistics and last-mile delivery cost,Repeat customer rate; Online order volume trend; Seasonal festival calendar
BUS00997,Mobile Repair Shop - Unit 0997,5.7,Government/Institutional Contracts,Seasonal supplier contracts,"Low seasonality, weekday/weekend variation only",Perishable inventory spoilage; Regulatory/licensing compliance burden; Power/utility disruptions,Local population growth; Agricultural output in surrounding region; Foot traffic count
BUS00998,Agri Input Dealer - Unit 0998,2.9,Institutional (Schools/Offices),Seasonal supplier contracts,Wedding season peak (Nov-Feb),Regulatory/licensing compliance burden; Perishable inventory spoilage,Repeat customer rate; Seasonal festival calendar
BUS00999,Hardware Store - Unit 0999,14.6,B2B - Local Businesses,Diversified supplier base - low dependency,"Back-to-school peak (Jun, Jan)",High employee attrition; Currency/import cost fluctuation,Local population growth; Repeat customer rate; Online order volume trend
BUS01000,Textile Manufacturer - Unit 1000,22,Retail - Walk-in,Seasonal supplier contracts,High demand Oct-Dec (festive season),Raw material price volatility; Competition from larger chains,Competitor density in radius; Online order volume trend
